{"stats":{"minecraft:mined":{"alexscaves:fern_thatch":1,"alexscaves:amber":15,"iceandfire:silver_ore":1,"minecraft:candle":1,"alexscaves:limestone":41,"minecraft:grass_block":2,"minecraft:cobblestone":3,"minecraft:spruce_leaves":5,"minecraft:moss_block":1,"minecraft:sandstone":16,"iceandfire:crackled_cobblestone":8,"minecraft:packed_mud":3,"iceandfire:crackled_stone":8,"minecraft:iron_ore":3,"minecraft:fire":1,"minecraft:sweet_berry_bush":1,"minecraft:grass":1,"minecraft:oak_log":5,"minecraft:coal_ore":1,"alexscaves:cycad":1,"minecraft:cobweb":8,"born_in_chaos_v1:infernal_evil_pumpkin_s":1,"minecraft:oak_leaves":1},"minecraft:custom":{"minecraft:interact_with_furnace":4,"minecraft:mob_kills":19,"minecraft:interact_with_crafting_table":4,"minecraft:damage_dealt_resisted":255,"minecraft:leave_game":1,"minecraft:time_since_death":18387,"minecraft:sleep_in_bed":1,"minecraft:time_since_rest":17992,"minecraft:sprint_one_cm":81985,"minecraft:walk_one_cm":128866,"minecraft:damage_taken":1300,"minecraft:damage_absorbed":80,"minecraft:drop":7,"minecraft:damage_dealt":2756,"tombstone:cast_on_ally":1,"minecraft:fly_one_cm":89006,"minecraft:open_chest":34,"minecraft:deaths":1,"minecraft:crouch_one_cm":5293,"minecraft:play_time":56885,"tombstone:undead_killed":11,"minecraft:sneak_time":2041,"minecraft:walk_under_water_one_cm":515,"minecraft:interact_with_brewingstand":1,"minecraft:jump":608,"minecraft:interact_with_blast_furnace":11,"minecraft:walk_on_water_one_cm":508,"minecraft:total_world_time":56885,"minecraft:fall_one_cm":13804},"minecraft:broken":{"minecraft:iron_pickaxe":1},"minecraft:crafted":{"minecraft:cooked_beef":2,"minecraft:oak_planks":4,"minecraft:iron_helmet":1,"minecraft:bread":9,"minecraft:air":0,"minecraft:iron_chestplate":1,"minecraft:iron_boots":1,"minecraft:iron_ingot":29,"minecraft:iron_pickaxe":2,"minecraft:iron_leggings":1,"minecraft:wheat":27},"minecraft:picked_up":{"born_in_chaos_v1:staffof_magic_arrows":1,"minecraft:wheat":3,"minecraft:golden_carrot":1,"minecraft:diamond_sword":1,"minecraft:packed_mud":3,"alexscaves:limestone":40,"minecraft:oak_log":5,"minecraft:dirt":2,"minecraft:string":7,"alexscaves:amber":12,"minecraft:bow":1,"minecraft:wheat_seeds":1,"minecraft:candle":2,"minecraft:moss_block":1,"iceandfire:crackled_cobblestone":8,"minecraft:raw_iron":3,"minecraft:sandstone":16,"minecraft:sweet_berries":1,"alexscaves:cycad":1,"alexscaves:fern_thatch":1,"minecraft:arrow":7,"minecraft:rotten_flesh":7,"minecraft:slime_ball":6,"iceandfire:crackled_stone":7,"minecraft:golden_apple":2,"tombstone:magic_scroll":1,"minecraft:coal":1,"iceandfire:raw_silver":1,"minecraft:cobblestone":2},"minecraft:killed_by":{"minecraft:player":1},"minecraft:used":{"minecraft:oak_planks":1,"minecraft:sandstone":7,"minecraft:golden_apple":3,"minecraft:iron_axe":1,"minecraft:bread":9,"minecraft:iron_pickaxe":102,"alexscaves:amber":1,"iceandfire:crackled_cobblestone":3,"minecraft:diamond_sword":60,"minecraft:bow":11,"minecraft:sweet_berries":1,"tombstone:gift":3,"alexsmobs:animal_dictionary":2,"minecraft:cooked_beef":2,"minecraft:candle":2},"minecraft:dropped":{"iceandfire:armor_copper_metal_chestplate":1,"minecraft:rotten_flesh":4,"minecraft:diamond_sword":1,"alexscaves:cycad":1},"minecraft:killed":{"undead_revamp2:the_moonflower":6,"undead_revamp2:thesmoker":1,"born_in_chaos_v1:maggot":2,"minecraft:zombie":3,"undead_revamp2:sucker":1}},"DataVersion":3465}