{"stats":{"minecraft:custom":{"minecraft:time_since_rest":16210,"minecraft:interact_with_furnace":4,"minecraft:sprint_one_cm":43012,"minecraft:damage_absorbed":40,"minecraft:damage_taken":518,"minecraft:walk_one_cm":76683,"minecraft:mob_kills":5,"minecraft:drop":5,"minecraft:damage_dealt":319,"minecraft:interact_with_crafting_table":3,"minecraft:fly_one_cm":43108,"minecraft:open_chest":29,"minecraft:crouch_one_cm":2964,"minecraft:play_time":32885,"tombstone:undead_killed":3,"minecraft:sneak_time":1213,"minecraft:walk_under_water_one_cm":515,"minecraft:jump":274,"minecraft:damage_dealt_resisted":255,"minecraft:interact_with_brewingstand":1,"minecraft:interact_with_blast_furnace":10,"minecraft:leave_game":1,"minecraft:time_since_death":32885,"minecraft:walk_on_water_one_cm":508,"minecraft:sleep_in_bed":1,"minecraft:total_world_time":32885,"minecraft:fall_one_cm":3728},"minecraft:mined":{"iceandfire:crackled_cobblestone":2,"alexscaves:fern_thatch":1,"minecraft:candle":1,"minecraft:iron_ore":2,"minecraft:sweet_berry_bush":1,"alexscaves:limestone":18,"minecraft:grass":1,"minecraft:coal_ore":1,"minecraft:oak_log":5,"minecraft:cobweb":3,"minecraft:cobblestone":2,"minecraft:spruce_leaves":5,"born_in_chaos_v1:infernal_evil_pumpkin_s":1,"minecraft:sandstone":8,"minecraft:oak_leaves":1},"minecraft:crafted":{"minecraft:cooked_beef":2,"minecraft:oak_planks":4,"minecraft:iron_boots":1,"minecraft:iron_chestplate":1,"minecraft:iron_ingot":29,"minecraft:iron_helmet":1,"minecraft:iron_leggings":1,"minecraft:bread":9,"minecraft:air":0,"minecraft:wheat":27},"minecraft:picked_up":{"minecraft:wheat":3,"born_in_chaos_v1:staffof_magic_arrows":1,"minecraft:raw_iron":2,"minecraft:sandstone":8,"minecraft:golden_carrot":1,"minecraft:sweet_berries":1,"alexscaves:fern_thatch":1,"alexscaves:limestone":17,"minecraft:oak_log":5,"minecraft:string":3,"minecraft:arrow":7,"minecraft:rotten_flesh":4,"minecraft:slime_ball":6,"minecraft:bow":1,"minecraft:wheat_seeds":1,"minecraft:candle":2,"tombstone:magic_scroll":1,"minecraft:coal":1,"iceandfire:crackled_cobblestone":2,"minecraft:cobblestone":2},"minecraft:used":{"minecraft:bread":6,"minecraft:iron_pickaxe":34,"minecraft:oak_planks":1,"minecraft:sandstone":7,"minecraft:golden_apple":1,"minecraft:diamond_sword":11,"minecraft:bow":11,"minecraft:sweet_berries":1,"alexsmobs:animal_dictionary":2,"minecraft:cooked_beef":2,"minecraft:candle":2},"minecraft:dropped":{"iceandfire:armor_copper_metal_chestplate":1,"minecraft:rotten_flesh":4},"minecraft:killed":{"minecraft:zombie":2,"undead_revamp2:thesmoker":1,"born_in_chaos_v1:maggot":2}},"DataVersion":3465}