{"stats":{"minecraft:custom":{"minecraft:interact_with_furnace":5,"minecraft:mob_kills":31,"tombstone:raider_killed":5,"minecraft:interact_with_crafting_table":5,"minecraft:open_barrel":1,"minecraft:interact_with_campfire":4,"minecraft:damage_dealt_resisted":728,"minecraft:eat_cake_slice":2,"minecraft:leave_game":2,"minecraft:time_since_death":964,"minecraft:sleep_in_bed":2,"minecraft:climb_one_cm":1176,"minecraft:time_since_rest":1,"minecraft:sprint_one_cm":114009,"minecraft:walk_one_cm":218317,"minecraft:damage_taken":2391,"minecraft:damage_absorbed":80,"minecraft:drop":8,"minecraft:damage_dealt":5489,"tombstone:cast_on_ally":1,"minecraft:damage_dealt_absorbed":80,"minecraft:swim_one_cm":11952,"minecraft:fly_one_cm":120115,"minecraft:open_chest":38,"minecraft:deaths":4,"minecraft:crouch_one_cm":7770,"minecraft:play_time":78283,"tombstone:undead_killed":14,"minecraft:sneak_time":2910,"minecraft:walk_under_water_one_cm":5671,"minecraft:interact_with_brewingstand":1,"minecraft:jump":832,"minecraft:interact_with_blast_furnace":11,"minecraft:walk_on_water_one_cm":3243,"minecraft:total_world_time":78283,"minecraft:fall_one_cm":19936},"minecraft:mined":{"minecraft:diamond_ore":1,"alexscaves:fern_thatch":1,"alexscaves:amber":15,"iceandfire:silver_ore":1,"minecraft:candle":1,"minecraft:soul_lantern":1,"alexscaves:limestone":41,"minecraft:grass_block":3,"minecraft:campfire":2,"minecraft:tall_grass":1,"minecraft:cobblestone":3,"minecraft:spruce_leaves":5,"minecraft:moss_block":1,"minecraft:sandstone":16,"iceandfire:crackled_cobblestone":8,"minecraft:packed_mud":3,"iceandfire:crackled_stone":10,"minecraft:iron_ore":3,"minecraft:fire":1,"minecraft:sweet_berry_bush":1,"minecraft:iron_bars":1,"minecraft:grass":2,"minecraft:oak_log":5,"minecraft:coal_ore":10,"alexscaves:cycad":1,"minecraft:gravel":9,"minecraft:cobweb":8,"minecraft:stone":29,"born_in_chaos_v1:infernal_evil_pumpkin_s":1,"minecraft:oak_leaves":2},"minecraft:broken":{"minecraft:iron_pickaxe":1},"minecraft:crafted":{"minecraft:cooked_beef":2,"minecraft:oak_planks":4,"minecraft:iron_helmet":1,"minecraft:bread":70,"minecraft:air":0,"minecraft:iron_chestplate":1,"minecraft:iron_boots":1,"minecraft:iron_ingot":29,"minecraft:iron_pickaxe":2,"minecraft:iron_leggings":1,"minecraft:wheat":207},"minecraft:picked_up":{"born_in_chaos_v1:corpse_maggot":1,"minecraft:charcoal":4,"born_in_chaos_v1:staffof_magic_arrows":1,"minecraft:wheat":3,"minecraft:golden_carrot":1,"minecraft:diamond_sword":1,"minecraft:packed_mud":3,"alexscaves:limestone":40,"minecraft:flint":1,"minecraft:oak_log":5,"minecraft:white_banner":1,"minecraft:dirt":3,"minecraft:string":7,"tombstone:familiar_receptacle":1,"alexscaves:amber":12,"minecraft:bone":2,"minecraft:bow":1,"minecraft:wheat_seeds":1,"minecraft:candle":2,"minecraft:rabbit":4,"minecraft:moss_block":1,"iceandfire:crackled_cobblestone":8,"minecraft:raw_iron":3,"minecraft:sandstone":16,"minecraft:sweet_berries":1,"alexscaves:cycad":1,"minecraft:gravel":11,"alexscaves:fern_thatch":1,"tombstone:grave_dust":2,"minecraft:carrot":1,"minecraft:bundle":1,"alexsmobs:raw_catfish":3,"minecraft:light_gray_candle":1,"minecraft:diamond":1,"minecraft:arrow":7,"minecraft:rotten_flesh":10,"minecraft:slime_ball":6,"iceandfire:crackled_stone":9,"minecraft:soul_lantern":1,"minecraft:crossbow":1,"minecraft:golden_apple":2,"minecraft:bread":2,"sophisticatedbackpacks:copper_backpack":1,"tombstone:magic_scroll":1,"minecraft:iron_bars":1,"minecraft:coal":10,"iceandfire:raw_silver":1,"minecraft:cobblestone":31},"minecraft:killed_by":{"minecraft:player":2,"minecraft:skeleton":1,"iceandfire:lightning_dragon":1},"minecraft:used":{"minecraft:iron_bars":1,"minecraft:oak_planks":1,"minecraft:sandstone":7,"minecraft:golden_apple":3,"minecraft:carrot":1,"alexscaves:limestone":23,"minecraft:packed_mud":3,"minecraft:light_gray_candle":1,"minecraft:iron_axe":16,"minecraft:bread":17,"minecraft:iron_pickaxe":145,"alexscaves:amber":1,"minecraft:gravel":6,"minecraft:soul_lantern":1,"iceandfire:crackled_cobblestone":7,"minecraft:diamond_sword":105,"minecraft:bow":12,"minecraft:sweet_berries":1,"tombstone:gift":3,"alexsmobs:animal_dictionary":2,"minecraft:cooked_beef":2,"minecraft:experience_bottle":3,"minecraft:candle":2},"minecraft:dropped":{"minecraft:gravel":3,"iceandfire:armor_copper_metal_chestplate":1,"minecraft:rotten_flesh":4,"minecraft:diamond_sword":1,"alexscaves:cycad":1},"minecraft:killed":{"undead_revamp2:the_moonflower":8,"undead_revamp2:thesmoker":2,"born_in_chaos_v1:maggot":4,"alexsmobs:catfish":2,"minecraft:pillager":5,"minecraft:zombie":3,"undead_revamp2:sucker":1}},"DataVersion":3465}