{"stats":{"minecraft:picked_up":{"minecraft:spruce_sapling":1,"minecraft:wheat_seeds":1,"minecraft:candle":1},"minecraft:custom":{"minecraft:jump":34,"minecraft:time_since_rest":3924,"minecraft:crouch_one_cm":98,"minecraft:sprint_one_cm":4959,"minecraft:leave_game":2,"minecraft:play_time":3924,"minecraft:time_since_death":3924,"minecraft:walk_one_cm":5903,"minecraft:sneak_time":10,"minecraft:total_world_time":3924,"minecraft:fall_one_cm":743,"minecraft:fly_one_cm":8835},"minecraft:mined":{"minecraft:grass":1,"minecraft:spruce_leaves":16,"minecraft:fern":2,"minecraft:candle":1},"minecraft:used":{"alexsmobs:animal_dictionary":3,"minecraft:candle":1}},"DataVersion":3465}