{"stats":{"minecraft:broken":{"minecraft:diamond_helmet":1,"takesapillage:ravager_horn":1,"minecraft:diamond_boots":1,"minecraft:diamond_chestplate":1,"minecraft:stone_sword":1,"minecraft:diamond_leggings":1},"minecraft:dropped":{"minecraft:oak_log":1,"minecraft:leather":3,"minecraft:iron_pickaxe":1,"tombstone:familiar_receptacle":1,"minecraft:waxed_cut_copper_slab":14,"evilcraft:flesh_humanoid":1,"minecraft:arrow":7,"minecraft:cracked_nether_bricks":2,"minecraft:wheat_seeds":1,"minecraft:diamond_leggings":1,"minecraft:cobblestone":46,"minecraft:granite":8,"minecraft:golden_apple":1,"minecraft:diorite":12,"minecraft:torch":43,"tombstone:grave_key":8,"minecraft:diamond_helmet":1,"minecraft:potion":2,"minecraft:iron_leggings":1,"alexscaves:limestone":7,"born_in_chaos_v1:staffof_magic_arrows":2,"minecraft:stone_sword":1,"minecraft:smooth_stone_slab":2,"minecraft:diamond_sword":1,"minecraft:mud_bricks":7,"minecraft:shield":1,"minecraft:diamond_chestplate":2,"minecraft:diamond_pickaxe":1,"minecraft:stone_pressure_plate":1,"minecraft:diamond_boots":1,"minecraft:bow":1,"minecraft:red_sand":2,"minecraft:calcite":2},"minecraft:picked_up":{"minecraft:iron_trapdoor":1,"minecraft:anvil":1,"minecraft:smithing_table":1,"minecraft:diamond_sword":10,"iceandfire:armor_copper_metal_chestplate":1,"minecraft:enchanted_book":1,"minecraft:potion":5,"tombstone:grave_key":8,"minecraft:brewing_stand":3,"minecraft:waxed_cut_copper_slab":14,"minecraft:dark_oak_trapdoor":4,"minecraft:polished_deepslate":1,"minecraft:string":2,"minecraft:cooked_salmon":1,"minecraft:smooth_stone_slab":3,"minecraft:sea_pickle":2,"alexsmobs:blood_sac":1,"minecraft:red_sand":4,"minecraft:spruce_planks":7,"minecraft:waxed_exposed_cut_copper":4,"minecraft:calcite":8,"minecraft:iron_pickaxe":2,"born_in_chaos_v1:stimulating_decoction":4,"minecraft:melon_slice":7,"minecraft:coal_block":3,"minecraft:furnace":1,"minecraft:stick":21,"born_in_chaos_v1:shattered_skull":1,"minecraft:torch":11,"minecraft:spruce_stairs":1,"iceandfire:lightning_dragon_flesh":15,"tombstone:grave_dust":21,"minecraft:diorite":25,"minecraft:waxed_cut_copper_stairs":1,"minecraft:orange_bed":1,"minecraft:stone_sword":2,"minecraft:rotten_flesh":135,"minecraft:waxed_cut_copper":10,"minecraft:obsidian":8,"undead_revamp2:arapholia":4,"minecraft:cobblestone":115,"born_in_chaos_v1:staffof_magic_arrows":2,"minecraft:leather_chestplate":1,"minecraft:feather":3,"minecraft:birch_slab":1,"minecraft:orange_carpet":1,"minecraft:golden_leggings":1,"minecraft:mud_brick_stairs":1,"minecraft:smoker":1,"paraglider:spirit_orb":34,"undead_revamp2:huntereye":1,"evilcraft:flesh_humanoid":4,"minecraft:wither_skeleton_skull":2,"minecraft:dirt":87,"born_in_chaos_v1:monster_skin":2,"minecraft:purple_carpet":1,"minecraft:bone":122,"undead_revamp2:blacpetalblock":2,"minecraft:bow":2,"minecraft:wheat_seeds":1,"minecraft:dark_oak_sign":12,"minecraft:diamond_helmet":1,"minecraft:moss_block":3,"minecraft:oak_planks":6,"minecraft:black_terracotta":42,"iceandfire:lightning_dragon_heart":1,"minecraft:dark_oak_log":1,"undead_revamp2:heavytooth":1,"minecraft:dark_prismarine":13,"minecraft:bundle":6,"minecraft:dark_prismarine_slab":3,"minecraft:yellow_carpet":1,"minecraft:diamond":22,"iceandfire:lectern":1,"iceandfire:crackled_stone":55,"minecraft:lever":1,"minecraft:polished_blackstone_button":1,"minecraft:granite":16,"minecraft:golden_apple":10,"minecraft:spruce_sign":2,"minecraft:emerald":1,"minecraft:oak_sapling":38,"minecraft:diamond_pickaxe":1,"iceandfire:dragon_skull_lightning":1,"minecraft:charcoal":8,"minecraft:waxed_oxidized_cut_copper":7,"minecraft:crafting_table":4,"iceandfire:witherbone":3,"minecraft:chicken":2,"minecraft:ladder":2,"born_in_chaos_v1:seedof_chaos":1,"minecraft:cooked_rabbit":2,"minecraft:crimson_trapdoor":5,"minecraft:iron_axe":1,"born_in_chaos_v1:intoxicating_decoction":1,"minecraft:item_frame":8,"minecraft:compass":2,"takesapillage:ravager_horn":9,"minecraft:cyan_carpet":2,"minecraft:glass_pane":1,"paraglider:rito_goddess_statue":3,"minecraft:beef":2,"born_in_chaos_v1:gnawed_bones":1,"minecraft:player_head":8,"minecraft:lectern":1,"minecraft:tinted_glass":15,"tombstone:tablet_of_assistance":1,"minecraft:chest":1,"minecraft:spruce_trapdoor":1,"minecraft:copper_ore":2,"minecraft:egg":1,"minecraft:raw_iron":1,"minecraft:sandstone":41,"iceandfire:dragonbone":38,"alexscaves:cycad":1,"sophisticatedbackpacks:backpack":1,"born_in_chaos_v1:pieceofdarkmetal":4,"minecraft:carrot":2,"minecraft:redstone":2,"minecraft:blue_carpet":4,"minecraft:stone_pressure_plate":2,"minecraft:dark_oak_planks":17,"iceandfire:dragonegg_electric":1,"minecraft:purple_candle":2,"minecraft:arrow":115,"minecraft:diamond_chestplate":1,"minecraft:pumpkin_pie":1,"minecraft:peony":1,"minecraft:nether_bricks":29,"alexscaves:pewen_wood":1,"minecraft:diamond_boots":1,"minecraft:waxed_oxidized_cut_copper_stairs":1,"minecraft:hay_block":9,"tombstone:essence_of_undeath":1,"minecraft:glistering_melon_slice":10,"minecraft:gold_ingot":4,"undead_revamp2:wincallerfan":1,"minecraft:mutton":3,"minecraft:skeleton_skull":2,"minecraft:white_wool":2,"minecraft:stripped_oak_log":1,"born_in_chaos_v1:fused_bone":2,"born_in_chaos_v1:corpse_maggot":28,"minecraft:clock":1,"minecraft:mud_bricks":51,"alexscaves:pewen_log":7,"born_in_chaos_v1:monster_flesh":2,"minecraft:tripwire_hook":3,"minecraft:salmon":2,"minecraft:leather":6,"minecraft:packed_mud":29,"alexscaves:limestone":261,"minecraft:oak_log":131,"minecraft:gunpowder":11,"alexscaves:pewen_planks":12,"alexscaves:ambersol":1,"alexscaves:amber":6,"alexscaves:pewen_sapling":1,"minecraft:light_blue_banner":1,"minecraft:gray_carpet":1,"minecraft:apple":4,"minecraft:stone_bricks":1,"minecraft:acacia_trapdoor":1,"born_in_chaos_v1:smoked_flesh":1,"minecraft:iron_ingot":18,"minecraft:cooked_chicken":1,"tombstone:bag_of_seeds":3,"minecraft:glass_bottle":2,"minecraft:acacia_sapling":3,"minecraft:flowering_azalea":1,"minecraft:dark_oak_stairs":9,"iceandfire:crackled_cobblestone":70,"minecraft:book":32,"iceandfire:copper_nugget":294,"minecraft:dark_oak_slab":15,"minecraft:sweet_berries":13,"born_in_chaos_v1:orbofthe_summoner":2,"born_in_chaos_v1:ethereal_spirit":1,"minecraft:cracked_nether_bricks":2,"minecraft:crimson_stairs":2,"alexscaves:tree_star":2,"minecraft:amethyst_shard":4,"minecraft:mud_brick_wall":10,"minecraft:spruce_sapling":9,"minecraft:blast_furnace":20,"minecraft:spruce_log":17,"minecraft:spider_eye":2,"iceandfire:dragonscales_copper":38,"undead_revamp2:rawbostrox":3,"minecraft:slime_ball":2,"born_in_chaos_v1:pile_of_skulls":1,"alexscaves:pine_nuts":1,"minecraft:diamond_axe":2,"tombstone:magic_scroll":1,"minecraft:damaged_anvil":2,"minecraft:coal":11,"minecraft:wooden_axe":1},"minecraft:custom":{"minecraft:interact_with_crafting_table":37,"minecraft:open_barrel":72,"minecraft:eat_cake_slice":14,"minecraft:leave_game":7,"minecraft:time_since_death":11079,"minecraft:sprint_one_cm":460475,"minecraft:damage_blocked_by_shield":1260,"minecraft:drop":47,"minecraft:play_time":472899,"minecraft:deaths":32,"minecraft:jump":4079,"minecraft:interact_with_brewingstand":2,"minecraft:walk_on_water_one_cm":12576,"minecraft:enchant_item":1,"minecraft:interact_with_furnace":19,"minecraft:interact_with_cartography_table":1,"minecraft:interact_with_loom":2,"minecraft:sleep_in_bed":12,"minecraft:open_enderchest":2,"minecraft:damage_dealt":85227,"minecraft:player_kills":2,"minecraft:crouch_one_cm":89837,"tombstone:undead_killed":247,"minecraft:interact_with_smoker":1,"minecraft:interact_with_smithing_table":1,"minecraft:interact_with_anvil":1,"minecraft:mob_kills":316,"minecraft:inspect_hopper":3,"minecraft:damage_dealt_resisted":6074,"minecraft:climb_one_cm":12144,"minecraft:walk_one_cm":1328063,"minecraft:damage_dealt_absorbed":2,"minecraft:sneak_time":43702,"minecraft:walk_under_water_one_cm":5177,"minecraft:interact_with_blast_furnace":7,"minecraft:total_world_time":472899,"tombstone:raider_killed":10,"minecraft:time_since_rest":10675,"minecraft:damage_taken":17845,"minecraft:damage_absorbed":121,"minecraft:swim_one_cm":23177,"minecraft:fly_one_cm":1522178,"minecraft:open_chest":169,"minecraft:fall_one_cm":94581},"minecraft:killed":{"born_in_chaos_v1:zombie_lumberjack":2,"born_in_chaos_v1:restless_spirit":1,"born_in_chaos_v1:door_knight_not_despawn":1,"minecraft:spider":2,"born_in_chaos_v1:siamese_skeletonsright":1,"born_in_chaos_v1:baby_skeleton_minion":1,"undead_revamp2:theswarmer":2,"minecraft:skeleton":133,"minecraft:bee":2,"minecraft:chicken":2,"undead_revamp2:thepregnant":1,"undead_revamp2:crackleball":1,"earthmobsmod:lobber_zombie":3,"undead_revamp2:theheavy":1,"minecraft:creeper":5,"alexsmobs:crimson_mosquito":1,"minecraft:sheep":2,"undead_revamp2:theordure":2,"minecraft:pillager":1,"undead_revamp2:slaveman":1,"minecraft:zombie":13,"born_in_chaos_v1:dread_hound":1,"born_in_chaos_v1:corpse_fly":2,"born_in_chaos_v1:door_knight":2,"born_in_chaos_v1:siamese_skeletonsleft":1,"minecraft:blaze":3,"minecraft:cow":2,"alexscaves:vallumraptor":1,"undead_revamp2:thehunter":3,"born_in_chaos_v1:zombie_clown_not_despawn":1,"born_in_chaos_v1:skeleton_thrasher_not_despawn":1,"undead_revamp2:bomber":3,"born_in_chaos_v1:zombie_bruiser":1,"born_in_chaos_v1:maggot":21,"undead_revamp2:sucker":3,"minecraft:husk":38,"born_in_chaos_v1:baby_skeleton":3,"undead_revamp2:the_moonflower":14,"minecraft:ravager":9,"born_in_chaos_v1:decrepit_skeleton":1,"undead_revamp2:thesomnolence":1,"minecraft:wither_skeleton":15},"minecraft:mined":{"undead_revamp2:arapholia":1,"minecraft:dark_oak_planks":13,"minecraft:stone_pressure_plate":1,"minecraft:spruce_planks":6,"iceandfire:copper_pile":28,"minecraft:black_terracotta":43,"paraglider:rito_goddess_statue":3,"minecraft:brewing_stand":3,"alexscaves:limestone":258,"minecraft:spruce_trapdoor":1,"minecraft:granite":8,"minecraft:grass_block":15,"iceandfire:lectern":1,"minecraft:coal_block":3,"minecraft:mud_bricks":51,"minecraft:mud_brick_wall":7,"born_in_chaos_v1:pile_of_skulls":1,"minecraft:spawner":16,"iceandfire:crackled_cobblestone":65,"minecraft:iron_ore":1,"minecraft:fire":2,"minecraft:anvil":1,"minecraft:dark_oak_stairs":2,"alexscaves:ambersol":1,"minecraft:orange_bed":1,"minecraft:waxed_cut_copper":3,"alexscaves:pewen_planks":12,"alexscaves:amber":5,"minecraft:medium_amethyst_bud":1,"minecraft:amethyst_cluster":1,"minecraft:torch":3,"minecraft:mud_brick_stairs":1,"minecraft:blast_furnace":20,"minecraft:calcite":7,"minecraft:melon":1,"minecraft:chest":1,"alexscaves:pewen_wood":1,"minecraft:cobblestone":9,"minecraft:slime_block":2,"minecraft:oak_planks":6,"minecraft:damaged_anvil":2,"minecraft:wall_torch":3,"minecraft:skeleton_skull":1,"minecraft:dark_oak_slab":1,"iceandfire:crackled_stone":54,"minecraft:tinted_glass":2,"minecraft:smooth_stone_slab":1,"minecraft:grass":7,"minecraft:oak_log":114,"minecraft:dirt":16,"minecraft:oak_leaves":95,"minecraft:dark_prismarine":13,"minecraft:diamond_ore":1,"minecraft:nether_bricks":29,"alexscaves:pewen_log":7,"minecraft:spruce_leaves":9,"minecraft:moss_block":2,"minecraft:cracked_nether_bricks":1,"minecraft:sandstone":42,"minecraft:large_fern":1,"minecraft:hay_block":9,"minecraft:waxed_oxidized_cut_copper":5,"minecraft:packed_mud":23,"minecraft:furnace":1,"minecraft:acacia_trapdoor":1,"alexscaves:pewen_pines":1,"minecraft:polished_deepslate":1,"minecraft:bookshelf":9,"minecraft:stripped_oak_log":1,"alexscaves:curly_fern":1,"minecraft:stone":50,"sophisticatedbackpacks:backpack":1,"minecraft:ender_chest":1,"minecraft:smithing_table":1,"minecraft:flowering_azalea":1,"minecraft:crafting_table":3,"minecraft:emerald_ore":1,"minecraft:campfire":4,"minecraft:tall_grass":4,"minecraft:diorite":13,"minecraft:spruce_stairs":1,"minecraft:black_stained_glass":1,"minecraft:coarse_dirt":1,"minecraft:spruce_log":15,"minecraft:dark_prismarine_slab":2,"minecraft:coal_ore":8,"minecraft:stone_bricks":2,"minecraft:small_dripleaf":1,"minecraft:waxed_exposed_cut_copper":3,"minecraft:fern":1},"minecraft:crafted":{"minecraft:oak_planks":384,"minecraft:lightning_rod":1,"alexscaves:pewen_planks":32,"minecraft:bookshelf":20,"minecraft:cooked_mutton":3,"minecraft:glass":64,"minecraft:diamond_helmet":2,"minecraft:bow":2,"minecraft:diamond_leggings":3,"minecraft:chest":3,"sophisticatedbackpacks:backpack":1,"minecraft:diamond_axe":1,"minecraft:crafting_table":11,"minecraft:spruce_planks":60,"minecraft:wooden_pickaxe":1,"minecraft:copper_ingot":29,"minecraft:gold_block":7,"minecraft:diamond_pickaxe":1,"minecraft:shield":2,"minecraft:stick":52,"minecraft:iron_pickaxe":1,"minecraft:iron_block":16,"minecraft:stone_sword":1,"minecraft:gold_ingot":9,"minecraft:coal":27,"minecraft:spyglass":1,"minecraft:leather":1,"born_in_chaos_v1:fried_maggot":2,"minecraft:stone_pickaxe":1,"minecraft:diamond_boots":2,"minecraft:dark_oak_planks":4,"minecraft:wheat":180,"sophisticatedbackpacks:iron_backpack":1,"minecraft:diamond_sword":4,"minecraft:iron_sword":2,"sophisticatedbackpacks:gold_backpack":1,"minecraft:stone_axe":1,"minecraft:bread":60,"minecraft:air":0,"minecraft:wooden_axe":1,"minecraft:torch":136,"minecraft:diamond_chestplate":3},"minecraft:used":{"iceandfire:lectern":1,"minecraft:beetroot":7,"minecraft:chest":3,"minecraft:shield":11,"minecraft:iron_sword":204,"minecraft:player_head":1,"alexscaves:ambersol":1,"minecraft:nether_bricks":21,"minecraft:carrot":32,"minecraft:obsidian":8,"born_in_chaos_v1:smoked_flesh":2,"minecraft:packed_mud":9,"alexscaves:amber":6,"minecraft:stone_bricks":1,"minecraft:bow":97,"minecraft:sweet_berries":6,"minecraft:oak_sapling":21,"minecraft:egg":1,"minecraft:golden_boots":1,"minecraft:dark_oak_stairs":5,"minecraft:damaged_anvil":2,"minecraft:wither_skeleton_skull":1,"minecraft:stone_pickaxe":35,"minecraft:oak_planks":127,"minecraft:wooden_pickaxe":9,"minecraft:leather_chestplate":1,"minecraft:diamond_axe":248,"minecraft:golden_apple":3,"minecraft:mushroom_stew":6,"minecraft:blast_furnace":20,"minecraft:lightning_rod":1,"minecraft:black_terracotta":27,"sophisticatedbackpacks:backpack":1,"minecraft:bread":62,"stalwart_dungeons:nether_hammer":83,"minecraft:diamond_sword":859,"minecraft:cooked_rabbit":1,"minecraft:stone_sword":131,"minecraft:spruce_planks":38,"cataclysm:coral_bardiche":24,"born_in_chaos_v1:fried_maggot":2,"minecraft:cooked_chicken":1,"minecraft:torch":205,"minecraft:orange_bed":1,"minecraft:dirt":67,"minecraft:spyglass":72,"alexscaves:limestone":103,"minecraft:dark_oak_planks":8,"minecraft:wooden_axe":13,"minecraft:bookshelf":20,"minecraft:mud_bricks":29,"paraglider:rito_goddess_statue":3,"minecraft:golden_carrot":35,"minecraft:goat_horn":6,"tombstone:gift":11,"minecraft:iron_leggings":1,"minecraft:calcite":1,"minecraft:cooked_mutton":3,"tombstone:scroll_of_knowledge":1,"iceandfire:crackled_stone":53,"iceandfire:dragon_skull_lightning":1,"minecraft:crafting_table":15,"minecraft:red_bed":1,"born_in_chaos_v1:cultivated_pumpkin":3,"minecraft:cake":3,"minecraft:spruce_log":2,"alexscaves:pewen_planks":12,"minecraft:oak_log":6,"minecraft:diamond_pickaxe":527,"minecraft:apple":1,"minecraft:iron_pickaxe":206,"minecraft:leather_helmet":1,"alexscaves:pine_nuts":1,"minecraft:stone_axe":65,"iceandfire:crackled_cobblestone":55,"minecraft:cobblestone":56,"minecraft:pumpkin_pie":1,"alexsmobs:animal_dictionary":1,"takesapillage:ravager_horn":1},"minecraft:killed_by":{"undead_revamp2:sucker":1,"minecraft:wither_skeleton":2,"minecraft:creeper":1,"minecraft:zombie":5,"minecraft:husk":4,"minecraft:player":2,"minecraft:skeleton":15}},"DataVersion":3465}