{"stats":{"minecraft:custom":{"minecraft:time_since_rest":5511,"minecraft:open_chest":5,"minecraft:crouch_one_cm":1131,"minecraft:play_time":33248,"minecraft:sprint_one_cm":16215,"minecraft:deaths":1,"minecraft:damage_taken":332,"minecraft:walk_one_cm":71634,"minecraft:sneak_time":385,"minecraft:jump":216,"minecraft:leave_game":1,"minecraft:time_since_death":14133,"minecraft:sleep_in_bed":1,"minecraft:total_world_time":33248,"minecraft:interact_with_crafting_table":3,"minecraft:fall_one_cm":4510,"minecraft:fly_one_cm":27835},"minecraft:mined":{"undead_revamp2:arapholia":1,"minecraft:dirt":1,"minecraft:cobblestone":9,"minecraft:spruce_log":13,"minecraft:spruce_leaves":9},"minecraft:used":{"minecraft:wooden_axe":13,"minecraft:dirt":14,"minecraft:crafting_table":1,"minecraft:sweet_berries":2,"minecraft:wooden_pickaxe":9,"alexsmobs:animal_dictionary":1,"minecraft:egg":1},"minecraft:picked_up":{"minecraft:stick":1,"minecraft:feather":1,"minecraft:rotten_flesh":13,"minecraft:sweet_berries":13,"minecraft:spruce_sapling":3,"minecraft:spruce_log":15,"minecraft:cobblestone":9,"undead_revamp2:arapholia":3,"minecraft:dirt":14,"minecraft:egg":1},"minecraft:crafted":{"minecraft:stone_axe":1,"minecraft:crafting_table":1,"minecraft:spruce_planks":16,"minecraft:stick":8,"minecraft:stone_pickaxe":1,"minecraft:stone_sword":1,"minecraft:wooden_pickaxe":1,"minecraft:wooden_axe":1},"minecraft:killed_by":{"minecraft:creeper":1}},"DataVersion":3465}