{"stats":{"minecraft:custom":{"minecraft:mob_kills":123,"minecraft:inspect_hopper":3,"minecraft:interact_with_crafting_table":15,"minecraft:open_barrel":29,"minecraft:damage_dealt_resisted":1328,"minecraft:eat_cake_slice":14,"minecraft:leave_game":2,"minecraft:time_since_death":7374,"minecraft:climb_one_cm":10649,"minecraft:sprint_one_cm":114848,"minecraft:walk_one_cm":444335,"minecraft:drop":10,"minecraft:play_time":127733,"minecraft:deaths":18,"minecraft:sneak_time":6230,"minecraft:walk_under_water_one_cm":859,"minecraft:interact_with_brewingstand":1,"minecraft:jump":997,"minecraft:interact_with_blast_furnace":3,"minecraft:walk_on_water_one_cm":4770,"minecraft:total_world_time":127733,"minecraft:interact_with_furnace":1,"tombstone:raider_killed":7,"minecraft:interact_with_cartography_table":1,"minecraft:sleep_in_bed":3,"minecraft:time_since_rest":6368,"minecraft:damage_taken":6858,"minecraft:damage_dealt":25437,"minecraft:swim_one_cm":10965,"minecraft:fly_one_cm":137085,"minecraft:open_chest":26,"minecraft:crouch_one_cm":11306,"tombstone:undead_killed":87,"minecraft:fall_one_cm":19090},"minecraft:mined":{"undead_revamp2:arapholia":1,"minecraft:spruce_planks":4,"minecraft:stone_pressure_plate":1,"minecraft:spruce_trapdoor":1,"minecraft:coal_block":3,"minecraft:spruce_leaves":9,"minecraft:mud_brick_wall":3,"minecraft:mud_bricks":6,"minecraft:spawner":5,"minecraft:hay_block":9,"minecraft:furnace":1,"minecraft:packed_mud":8,"minecraft:dark_oak_stairs":2,"minecraft:bookshelf":9,"minecraft:waxed_cut_copper":1,"minecraft:smithing_table":1,"minecraft:crafting_table":3,"minecraft:blast_furnace":13,"minecraft:calcite":7,"minecraft:tall_grass":1,"minecraft:cobblestone":9,"minecraft:slime_block":2,"minecraft:damaged_anvil":2,"minecraft:diorite":1,"minecraft:spruce_stairs":1,"minecraft:black_stained_glass":1,"minecraft:dark_oak_slab":1,"minecraft:spruce_log":15,"minecraft:smooth_stone_slab":1,"minecraft:dirt":1,"minecraft:small_dripleaf":1,"minecraft:oak_leaves":4,"minecraft:fern":1},"minecraft:broken":{"minecraft:stone_sword":1,"takesapillage:ravager_horn":1},"minecraft:killed":{"born_in_chaos_v1:restless_spirit":1,"born_in_chaos_v1:door_knight_not_despawn":1,"minecraft:spider":1,"born_in_chaos_v1:maggot":11,"minecraft:skeleton":40,"minecraft:chicken":2,"minecraft:husk":38,"born_in_chaos_v1:baby_skeleton":2,"minecraft:ravager":7,"minecraft:creeper":4,"minecraft:sheep":2,"minecraft:zombie":6,"minecraft:cow":2},"minecraft:used":{"minecraft:stone_sword":131,"minecraft:spruce_planks":28,"minecraft:iron_sword":204,"minecraft:torch":15,"minecraft:dirt":47,"minecraft:carrot":13,"minecraft:wooden_axe":13,"minecraft:packed_mud":6,"minecraft:mud_bricks":1,"minecraft:golden_carrot":6,"minecraft:bow":49,"minecraft:sweet_berries":6,"tombstone:gift":7,"minecraft:egg":1,"minecraft:iron_leggings":1,"minecraft:golden_boots":1,"minecraft:calcite":1,"minecraft:damaged_anvil":1,"minecraft:stone_pickaxe":35,"minecraft:oak_planks":5,"minecraft:wooden_pickaxe":9,"minecraft:leather_chestplate":1,"minecraft:diamond_axe":13,"minecraft:crafting_table":8,"minecraft:mushroom_stew":6,"minecraft:cake":3,"minecraft:spruce_log":2,"minecraft:oak_log":1,"minecraft:bread":11,"minecraft:iron_pickaxe":22,"minecraft:leather_helmet":1,"minecraft:stone_axe":65,"minecraft:diamond_sword":125,"alexsmobs:animal_dictionary":1,"takesapillage:ravager_horn":1},"minecraft:dropped":{"minecraft:cobblestone":1,"minecraft:leather":3,"minecraft:iron_leggings":1,"minecraft:smooth_stone_slab":2,"evilcraft:flesh_humanoid":1,"minecraft:shield":1,"minecraft:stone_pressure_plate":1,"minecraft:calcite":2},"minecraft:picked_up":{"minecraft:crafting_table":3,"minecraft:chicken":2,"minecraft:smithing_table":1,"minecraft:diamond_sword":3,"minecraft:enchanted_book":1,"minecraft:string":1,"minecraft:cooked_salmon":1,"minecraft:smooth_stone_slab":3,"minecraft:item_frame":2,"takesapillage:ravager_horn":5,"minecraft:cyan_carpet":1,"minecraft:spruce_planks":4,"minecraft:beef":2,"minecraft:player_head":2,"born_in_chaos_v1:gnawed_bones":1,"minecraft:calcite":8,"minecraft:iron_pickaxe":2,"minecraft:coal_block":3,"minecraft:copper_ore":2,"minecraft:spruce_trapdoor":1,"minecraft:egg":1,"minecraft:furnace":1,"minecraft:stick":5,"minecraft:spruce_stairs":1,"tombstone:grave_dust":10,"minecraft:diorite":1,"minecraft:carrot":1,"minecraft:stone_pressure_plate":2,"minecraft:dark_oak_planks":1,"minecraft:arrow":62,"minecraft:rotten_flesh":62,"minecraft:diamond_chestplate":1,"minecraft:peony":1,"minecraft:diamond_boots":1,"minecraft:hay_block":9,"minecraft:glistering_melon_slice":10,"minecraft:waxed_cut_copper":7,"minecraft:mutton":3,"undead_revamp2:arapholia":3,"minecraft:white_wool":2,"minecraft:cobblestone":10,"born_in_chaos_v1:corpse_maggot":18,"minecraft:leather_chestplate":1,"minecraft:mud_bricks":7,"minecraft:feather":3,"minecraft:tripwire_hook":1,"minecraft:leather":6,"minecraft:golden_leggings":1,"paraglider:spirit_orb":14,"minecraft:packed_mud":14,"minecraft:oak_log":21,"evilcraft:flesh_humanoid":1,"minecraft:gunpowder":2,"minecraft:dirt":56,"minecraft:bone":48,"minecraft:light_blue_banner":1,"minecraft:apple":2,"minecraft:iron_ingot":7,"minecraft:dark_oak_sign":12,"minecraft:diamond_helmet":1,"minecraft:moss_block":1,"minecraft:dark_oak_stairs":4,"minecraft:book":27,"minecraft:dark_oak_slab":2,"minecraft:sweet_berries":13,"born_in_chaos_v1:ethereal_spirit":1,"minecraft:spruce_sapling":9,"minecraft:mud_brick_wall":3,"minecraft:blast_furnace":13,"minecraft:spruce_log":17,"minecraft:spider_eye":1,"minecraft:bundle":1,"minecraft:diamond_axe":2,"minecraft:spruce_sign":2,"tombstone:magic_scroll":1,"minecraft:oak_sapling":3,"minecraft:damaged_anvil":2},"minecraft:crafted":{"minecraft:oak_planks":40,"minecraft:coal":27,"minecraft:bow":1,"minecraft:diamond_leggings":1,"minecraft:stone_pickaxe":1,"minecraft:diamond_axe":1,"minecraft:crafting_table":6,"minecraft:spruce_planks":60,"minecraft:wooden_pickaxe":1,"minecraft:iron_sword":2,"minecraft:gold_block":7,"minecraft:stone_axe":1,"minecraft:shield":2,"minecraft:stick":16,"minecraft:wooden_axe":1,"minecraft:stone_sword":1,"minecraft:iron_block":16,"minecraft:torch":16,"minecraft:diamond_chestplate":1},"minecraft:killed_by":{"minecraft:husk":4,"minecraft:creeper":1,"minecraft:skeleton":6,"minecraft:zombie":5}},"DataVersion":3465}