{"stats":{"minecraft:custom":{"minecraft:mob_kills":170,"minecraft:inspect_hopper":3,"minecraft:interact_with_crafting_table":22,"minecraft:open_barrel":31,"minecraft:damage_dealt_resisted":1328,"minecraft:eat_cake_slice":14,"minecraft:time_since_death":25718,"minecraft:leave_game":5,"minecraft:climb_one_cm":11082,"minecraft:sprint_one_cm":214248,"minecraft:walk_one_cm":687378,"minecraft:damage_blocked_by_shield":250,"minecraft:drop":17,"minecraft:play_time":234851,"minecraft:deaths":23,"minecraft:sneak_time":19812,"minecraft:walk_under_water_one_cm":2297,"minecraft:interact_with_brewingstand":2,"minecraft:jump":1879,"minecraft:interact_with_blast_furnace":4,"minecraft:walk_on_water_one_cm":5040,"minecraft:total_world_time":234851,"minecraft:interact_with_furnace":1,"tombstone:raider_killed":7,"minecraft:interact_with_cartography_table":1,"minecraft:sleep_in_bed":5,"minecraft:time_since_rest":25018,"minecraft:damage_taken":9569,"minecraft:damage_dealt":42162,"minecraft:swim_one_cm":10965,"minecraft:fly_one_cm":1164469,"minecraft:open_chest":69,"minecraft:crouch_one_cm":37950,"tombstone:undead_killed":127,"minecraft:fall_one_cm":36311},"minecraft:mined":{"undead_revamp2:arapholia":1,"minecraft:diamond_ore":1,"minecraft:spruce_planks":6,"minecraft:stone_pressure_plate":1,"minecraft:black_terracotta":3,"iceandfire:copper_pile":28,"alexscaves:limestone":186,"minecraft:nether_bricks":29,"minecraft:spruce_trapdoor":1,"minecraft:grass_block":8,"alexscaves:pewen_log":7,"minecraft:coal_block":3,"minecraft:spruce_leaves":9,"minecraft:mud_bricks":14,"minecraft:mud_brick_wall":4,"minecraft:cracked_nether_bricks":1,"minecraft:sandstone":15,"minecraft:spawner":6,"iceandfire:crackled_cobblestone":65,"minecraft:large_fern":1,"minecraft:hay_block":9,"minecraft:waxed_oxidized_cut_copper":4,"minecraft:packed_mud":12,"minecraft:furnace":1,"minecraft:fire":2,"alexscaves:pewen_pines":1,"minecraft:dark_oak_stairs":2,"minecraft:bookshelf":9,"minecraft:waxed_cut_copper":1,"minecraft:smithing_table":1,"minecraft:flowering_azalea":1,"alexscaves:pewen_planks":12,"minecraft:medium_amethyst_bud":1,"minecraft:amethyst_cluster":1,"minecraft:crafting_table":3,"minecraft:torch":1,"minecraft:blast_furnace":20,"minecraft:emerald_ore":1,"minecraft:calcite":7,"minecraft:chest":1,"alexscaves:pewen_wood":1,"minecraft:tall_grass":1,"minecraft:cobblestone":9,"minecraft:slime_block":2,"minecraft:damaged_anvil":2,"minecraft:diorite":1,"minecraft:spruce_stairs":1,"minecraft:black_stained_glass":1,"minecraft:dark_oak_slab":1,"iceandfire:crackled_stone":54,"minecraft:spruce_log":15,"minecraft:smooth_stone_slab":1,"minecraft:oak_log":66,"minecraft:dirt":1,"minecraft:small_dripleaf":1,"minecraft:waxed_exposed_cut_copper":2,"minecraft:oak_leaves":12,"minecraft:fern":1},"minecraft:broken":{"minecraft:stone_sword":1,"takesapillage:ravager_horn":1},"minecraft:crafted":{"minecraft:oak_planks":48,"minecraft:coal":27,"minecraft:spyglass":1,"minecraft:lightning_rod":1,"alexscaves:pewen_planks":32,"minecraft:diamond_leggings":1,"minecraft:bow":1,"minecraft:stone_pickaxe":1,"minecraft:wheat":54,"minecraft:diamond_sword":1,"minecraft:diamond_axe":1,"minecraft:crafting_table":7,"minecraft:spruce_planks":60,"minecraft:wooden_pickaxe":1,"minecraft:iron_sword":2,"minecraft:copper_ingot":29,"minecraft:gold_block":7,"minecraft:stone_axe":1,"minecraft:bread":18,"minecraft:diamond_pickaxe":1,"minecraft:shield":2,"minecraft:stick":36,"minecraft:wooden_axe":1,"minecraft:iron_block":16,"minecraft:stone_sword":1,"minecraft:torch":104,"minecraft:diamond_chestplate":1},"minecraft:picked_up":{"iceandfire:dragon_skull_lightning":1,"minecraft:waxed_oxidized_cut_copper":4,"minecraft:crafting_table":3,"iceandfire:witherbone":3,"minecraft:chicken":2,"minecraft:ladder":2,"minecraft:smithing_table":1,"minecraft:diamond_sword":5,"minecraft:enchanted_book":1,"minecraft:string":1,"minecraft:cooked_salmon":1,"minecraft:smooth_stone_slab":3,"minecraft:item_frame":2,"takesapillage:ravager_horn":5,"minecraft:cyan_carpet":1,"alexsmobs:blood_sac":1,"minecraft:red_sand":4,"minecraft:beef":2,"minecraft:spruce_planks":6,"minecraft:waxed_exposed_cut_copper":2,"born_in_chaos_v1:gnawed_bones":1,"minecraft:player_head":3,"minecraft:calcite":8,"minecraft:iron_pickaxe":2,"minecraft:chest":1,"minecraft:coal_block":3,"minecraft:spruce_trapdoor":1,"minecraft:egg":1,"minecraft:furnace":1,"minecraft:copper_ore":2,"minecraft:stick":9,"minecraft:sandstone":14,"iceandfire:dragonbone":38,"minecraft:torch":3,"minecraft:spruce_stairs":1,"iceandfire:lightning_dragon_flesh":15,"tombstone:grave_dust":11,"minecraft:diorite":1,"minecraft:carrot":1,"minecraft:redstone":2,"minecraft:stone_pressure_plate":2,"minecraft:dark_oak_planks":1,"iceandfire:dragonegg_electric":1,"minecraft:stone_sword":2,"minecraft:arrow":71,"minecraft:diamond_chestplate":1,"minecraft:rotten_flesh":69,"minecraft:nether_bricks":29,"minecraft:peony":1,"alexscaves:pewen_wood":1,"minecraft:diamond_boots":1,"minecraft:hay_block":9,"minecraft:glistering_melon_slice":10,"minecraft:waxed_cut_copper":7,"minecraft:mutton":3,"undead_revamp2:arapholia":3,"minecraft:white_wool":2,"minecraft:cobblestone":10,"born_in_chaos_v1:corpse_maggot":18,"minecraft:feather":3,"minecraft:leather_chestplate":1,"minecraft:mud_bricks":14,"alexscaves:pewen_log":7,"minecraft:tripwire_hook":1,"minecraft:leather":6,"minecraft:golden_leggings":1,"paraglider:spirit_orb":16,"minecraft:packed_mud":18,"alexscaves:limestone":183,"minecraft:oak_log":87,"evilcraft:flesh_humanoid":4,"minecraft:gunpowder":2,"minecraft:wither_skeleton_skull":1,"alexscaves:pewen_planks":12,"minecraft:dirt":65,"alexscaves:pewen_sapling":1,"minecraft:bone":66,"minecraft:light_blue_banner":1,"minecraft:apple":3,"minecraft:iron_ingot":15,"minecraft:dark_oak_sign":12,"tombstone:bag_of_seeds":1,"minecraft:diamond_helmet":1,"minecraft:moss_block":1,"minecraft:flowering_azalea":1,"iceandfire:crackled_cobblestone":70,"minecraft:dark_oak_stairs":5,"minecraft:book":28,"iceandfire:copper_nugget":294,"minecraft:black_terracotta":4,"minecraft:dark_oak_slab":2,"minecraft:sweet_berries":13,"born_in_chaos_v1:ethereal_spirit":1,"minecraft:cracked_nether_bricks":2,"alexscaves:tree_star":2,"minecraft:amethyst_shard":4,"minecraft:spruce_sapling":9,"minecraft:mud_brick_wall":4,"minecraft:blast_furnace":20,"iceandfire:lightning_dragon_heart":1,"minecraft:spruce_log":17,"minecraft:spider_eye":1,"iceandfire:dragonscales_copper":38,"minecraft:bundle":2,"minecraft:diamond":1,"iceandfire:crackled_stone":55,"minecraft:diamond_axe":2,"alexscaves:pine_nuts":1,"minecraft:spruce_sign":2,"minecraft:emerald":1,"minecraft:coal":2,"tombstone:magic_scroll":1,"minecraft:oak_sapling":18,"minecraft:damaged_anvil":2,"minecraft:wooden_axe":1},"minecraft:killed_by":{"minecraft:husk":4,"minecraft:player":1,"minecraft:creeper":1,"minecraft:skeleton":10,"minecraft:zombie":5},"minecraft:used":{"minecraft:stone_sword":131,"minecraft:shield":5,"minecraft:chest":1,"minecraft:spruce_planks":38,"cataclysm:coral_bardiche":24,"minecraft:iron_sword":204,"minecraft:player_head":1,"minecraft:torch":59,"minecraft:dirt":56,"minecraft:spyglass":18,"minecraft:nether_bricks":21,"minecraft:carrot":22,"alexscaves:limestone":67,"minecraft:wooden_axe":13,"minecraft:packed_mud":6,"minecraft:mud_bricks":3,"minecraft:golden_carrot":8,"minecraft:bow":84,"minecraft:sweet_berries":6,"minecraft:oak_sapling":12,"tombstone:gift":8,"minecraft:egg":1,"minecraft:iron_leggings":1,"minecraft:calcite":1,"minecraft:golden_boots":1,"minecraft:dark_oak_stairs":1,"minecraft:damaged_anvil":2,"minecraft:oak_planks":5,"minecraft:stone_pickaxe":35,"minecraft:wooden_pickaxe":9,"minecraft:leather_chestplate":1,"iceandfire:crackled_stone":53,"minecraft:diamond_axe":111,"iceandfire:dragon_skull_lightning":1,"minecraft:crafting_table":10,"minecraft:red_bed":1,"minecraft:mushroom_stew":6,"minecraft:blast_furnace":20,"minecraft:cake":3,"minecraft:spruce_log":2,"minecraft:lightning_rod":1,"alexscaves:pewen_planks":12,"minecraft:black_terracotta":6,"minecraft:oak_log":1,"minecraft:diamond_pickaxe":361,"minecraft:apple":1,"minecraft:bread":29,"stalwart_dungeons:nether_hammer":83,"minecraft:iron_pickaxe":45,"minecraft:leather_helmet":1,"alexscaves:pine_nuts":1,"minecraft:stone_axe":65,"minecraft:diamond_sword":315,"iceandfire:crackled_cobblestone":55,"alexsmobs:animal_dictionary":1,"takesapillage:ravager_horn":1},"minecraft:dropped":{"minecraft:cobblestone":1,"minecraft:leather":3,"minecraft:iron_leggings":1,"minecraft:iron_pickaxe":1,"minecraft:stone_sword":1,"minecraft:smooth_stone_slab":2,"evilcraft:flesh_humanoid":1,"minecraft:diamond_sword":1,"minecraft:shield":1,"minecraft:diamond_chestplate":1,"minecraft:stone_pressure_plate":1,"minecraft:red_sand":2,"minecraft:cracked_nether_bricks":2,"minecraft:calcite":2},"minecraft:killed":{"born_in_chaos_v1:restless_spirit":1,"born_in_chaos_v1:door_knight_not_despawn":1,"minecraft:spider":1,"undead_revamp2:theswarmer":1,"born_in_chaos_v1:maggot":11,"minecraft:skeleton":69,"minecraft:bee":1,"minecraft:chicken":2,"undead_revamp2:crackleball":1,"minecraft:husk":38,"born_in_chaos_v1:baby_skeleton":2,"minecraft:ravager":7,"minecraft:creeper":4,"alexsmobs:crimson_mosquito":1,"minecraft:sheep":2,"undead_revamp2:theordure":2,"minecraft:zombie":6,"minecraft:wither_skeleton":8,"minecraft:blaze":3,"minecraft:cow":2}},"DataVersion":3465}