{"stats":{"minecraft:dropped":{"minecraft:soul_sand":6,"minecraft:oak_log":1,"minecraft:leather":3,"minecraft:iron_pickaxe":1,"paraglider:paraglider":1,"tombstone:familiar_receptacle":1,"minecraft:gold_ingot":54,"minecraft:waxed_cut_copper_slab":14,"born_in_chaos_v1:smoked_flesh":10,"evilcraft:flesh_humanoid":1,"minecraft:arrow":7,"minecraft:cracked_nether_bricks":2,"minecraft:wheat_seeds":1,"minecraft:diamond_leggings":1,"minecraft:cobblestone":46,"minecraft:granite":8,"minecraft:golden_apple":1,"minecraft:diorite":12,"minecraft:torch":43,"tombstone:grave_key":9,"minecraft:diamond_helmet":1,"minecraft:potion":2,"alexscaves:limestone":7,"minecraft:iron_leggings":1,"born_in_chaos_v1:staffof_magic_arrows":2,"minecraft:stone_sword":1,"minecraft:smooth_stone_slab":2,"minecraft:wither_skeleton_skull":1,"minecraft:diamond_sword":1,"minecraft:mud_bricks":7,"minecraft:shield":1,"minecraft:diamond_chestplate":2,"minecraft:diamond_pickaxe":1,"minecraft:stone_pressure_plate":1,"minecraft:diamond_boots":1,"minecraft:bow":1,"minecraft:red_sand":2,"minecraft:calcite":2},"minecraft:mined":{"undead_revamp2:arapholia":1,"minecraft:dark_oak_planks":13,"stalwart_dungeons:transient_block_open":1,"minecraft:stone_pressure_plate":1,"minecraft:spruce_planks":6,"minecraft:black_terracotta":43,"iceandfire:copper_pile":28,"paraglider:rito_goddess_statue":3,"minecraft:brewing_stand":3,"alexscaves:limestone":258,"minecraft:spruce_trapdoor":1,"minecraft:granite":8,"minecraft:grass_block":15,"iceandfire:lectern":1,"minecraft:coal_block":3,"minecraft:mud_bricks":51,"minecraft:mud_brick_wall":7,"minecraft:nether_wart":24,"born_in_chaos_v1:pile_of_skulls":1,"minecraft:spawner":16,"iceandfire:crackled_cobblestone":65,"minecraft:glowstone":4,"minecraft:iron_ore":1,"minecraft:fire":3,"minecraft:anvil":1,"minecraft:dark_oak_stairs":2,"alexscaves:ambersol":1,"minecraft:orange_bed":1,"minecraft:waxed_cut_copper":3,"alexscaves:pewen_planks":12,"alexscaves:amber":5,"minecraft:blackstone":11,"minecraft:medium_amethyst_bud":1,"minecraft:soul_fire":9,"minecraft:amethyst_cluster":2,"minecraft:torch":3,"alexscaves:ancient_leaves":6,"minecraft:blast_furnace":20,"minecraft:calcite":7,"minecraft:mud_brick_stairs":1,"minecraft:melon":1,"minecraft:chest":1,"alexscaves:pewen_wood":1,"minecraft:nether_quartz_ore":74,"minecraft:cobblestone":9,"minecraft:slime_block":2,"minecraft:oak_planks":6,"minecraft:damaged_anvil":2,"minecraft:wall_torch":3,"minecraft:skeleton_skull":1,"minecraft:dark_oak_slab":1,"iceandfire:crackled_stone":54,"minecraft:tinted_glass":2,"minecraft:smooth_stone_slab":1,"minecraft:grass":7,"minecraft:oak_log":128,"minecraft:dirt":16,"minecraft:netherrack":135,"minecraft:oak_leaves":96,"alexscaves:flood_basalt":6,"minecraft:nether_gold_ore":18,"minecraft:dark_prismarine":13,"minecraft:diamond_ore":1,"alexscaves:primal_magma":11,"minecraft:nether_bricks":63,"alexscaves:pewen_log":7,"minecraft:spruce_leaves":9,"minecraft:cracked_nether_bricks":2,"minecraft:sandstone":42,"minecraft:moss_block":2,"minecraft:large_fern":1,"minecraft:hay_block":9,"minecraft:waxed_oxidized_cut_copper":5,"minecraft:furnace":2,"minecraft:packed_mud":23,"minecraft:acacia_trapdoor":1,"alexscaves:pewen_pines":1,"minecraft:gold_block":5,"minecraft:polished_deepslate":1,"minecraft:bookshelf":9,"minecraft:stripped_oak_log":1,"alexscaves:curly_fern":3,"minecraft:stone":50,"sophisticatedbackpacks:backpack":1,"minecraft:ender_chest":1,"minecraft:smithing_table":1,"minecraft:flowering_azalea":1,"minecraft:soul_sand":6,"minecraft:crafting_table":3,"minecraft:emerald_ore":1,"minecraft:campfire":4,"minecraft:tall_grass":4,"minecraft:lapis_ore":1,"minecraft:diorite":13,"minecraft:spruce_stairs":1,"minecraft:black_stained_glass":1,"minecraft:coarse_dirt":1,"evilcraft:infested_nether_netherrack":4,"minecraft:spruce_log":15,"minecraft:dark_prismarine_slab":2,"minecraft:coal_ore":8,"minecraft:cobweb":1,"minecraft:stone_bricks":2,"minecraft:small_dripleaf":1,"minecraft:waxed_exposed_cut_copper":3,"minecraft:fern":2},"minecraft:killed":{"evilcraft:netherfish":4,"born_in_chaos_v1:restless_spirit":1,"born_in_chaos_v1:zombie_lumberjack":2,"born_in_chaos_v1:door_knight_not_despawn":1,"minecraft:spider":2,"undead_revamp2:thesmoker":1,"born_in_chaos_v1:siamese_skeletonsright":1,"born_in_chaos_v1:baby_skeleton_minion":1,"undead_revamp2:theswarmer":2,"minecraft:skeleton":139,"minecraft:bee":2,"minecraft:chicken":2,"undead_revamp2:thepregnant":1,"minecraft:piglin_brute":2,"undead_revamp2:crackleball":1,"undead_revamp2:thespitter":1,"minecraft:magma_cube":7,"minecraft:piglin":3,"born_in_chaos_v1:bone_imp":1,"stalwart_dungeons:giddy_blaze":14,"earthmobsmod:lobber_zombie":3,"undead_revamp2:theheavy":1,"minecraft:creeper":5,"alexsmobs:crimson_mosquito":5,"minecraft:sheep":2,"undead_revamp2:theordure":2,"minecraft:pillager":1,"undead_revamp2:slaveman":1,"minecraft:zombie":13,"born_in_chaos_v1:dread_hound":1,"born_in_chaos_v1:corpse_fly":2,"born_in_chaos_v1:door_knight":2,"born_in_chaos_v1:siamese_skeletonsleft":1,"minecraft:blaze":14,"minecraft:cow":2,"alexscaves:vallumraptor":4,"undead_revamp2:thehunter":3,"born_in_chaos_v1:zombie_clown_not_despawn":1,"born_in_chaos_v1:skeleton_thrasher_not_despawn":1,"undead_revamp2:bomber":3,"born_in_chaos_v1:zombie_bruiser":1,"born_in_chaos_v1:maggot":21,"stalwart_dungeons:nether_wart_cocoon":9,"undead_revamp2:sucker":3,"minecraft:husk":38,"born_in_chaos_v1:baby_skeleton":3,"undead_revamp2:the_moonflower":19,"minecraft:ravager":9,"minecraft:hoglin":8,"born_in_chaos_v1:decrepit_skeleton":1,"undead_revamp2:thesomnolence":1,"minecraft:wither_skeleton":29,"alexscaves:grottoceratops":1},"minecraft:used":{"iceandfire:lectern":1,"minecraft:beetroot":7,"minecraft:chest":3,"minecraft:shield":12,"minecraft:iron_sword":204,"alexscaves:primal_magma":6,"minecraft:player_head":1,"alexscaves:ambersol":1,"minecraft:nether_bricks":23,"minecraft:carrot":32,"minecraft:obsidian":8,"born_in_chaos_v1:smoked_flesh":2,"minecraft:packed_mud":9,"alexscaves:amber":6,"minecraft:stone_bricks":1,"minecraft:bow":99,"minecraft:sweet_berries":6,"minecraft:oak_sapling":24,"minecraft:egg":1,"minecraft:golden_boots":1,"minecraft:dark_oak_stairs":5,"minecraft:damaged_anvil":2,"minecraft:wither_skeleton_skull":4,"minecraft:stone_pickaxe":35,"minecraft:oak_planks":151,"minecraft:leather_chestplate":1,"minecraft:wooden_pickaxe":9,"minecraft:diamond_axe":264,"stalwart_dungeons:transient_block_close":1,"minecraft:golden_apple":4,"minecraft:mushroom_stew":6,"minecraft:blast_furnace":20,"minecraft:lightning_rod":1,"minecraft:black_terracotta":27,"sophisticatedbackpacks:backpack":1,"minecraft:bread":102,"stalwart_dungeons:nether_hammer":83,"minecraft:diamond_sword":1168,"minecraft:cooked_rabbit":1,"minecraft:cobweb":1,"minecraft:stone_sword":131,"minecraft:spruce_planks":38,"cataclysm:coral_bardiche":24,"born_in_chaos_v1:fried_maggot":2,"minecraft:netherrack":23,"minecraft:cooked_chicken":1,"minecraft:torch":213,"minecraft:orange_bed":1,"minecraft:dirt":67,"minecraft:spyglass":80,"alexscaves:ancient_sapling":1,"alexscaves:limestone":103,"minecraft:wooden_axe":13,"minecraft:dark_oak_planks":8,"minecraft:bookshelf":25,"minecraft:mud_bricks":29,"paraglider:rito_goddess_statue":3,"minecraft:golden_carrot":42,"minecraft:goat_horn":6,"tombstone:gift":11,"minecraft:iron_leggings":1,"minecraft:calcite":1,"minecraft:cooked_mutton":3,"tombstone:scroll_of_knowledge":1,"iceandfire:crackled_stone":53,"iceandfire:dragon_skull_lightning":1,"minecraft:crafting_table":15,"minecraft:red_bed":1,"born_in_chaos_v1:cultivated_pumpkin":3,"minecraft:smoker":1,"minecraft:cake":3,"minecraft:spruce_log":2,"alexscaves:pewen_planks":12,"minecraft:oak_log":6,"minecraft:diamond_pickaxe":835,"minecraft:apple":1,"minecraft:iron_pickaxe":206,"minecraft:cracked_nether_bricks":1,"minecraft:leather_helmet":1,"alexscaves:pine_nuts":1,"minecraft:stone_axe":65,"iceandfire:crackled_cobblestone":55,"minecraft:cobblestone":56,"minecraft:cooked_porkchop":21,"minecraft:pumpkin_pie":1,"alexsmobs:animal_dictionary":1,"takesapillage:ravager_horn":1,"alexscaves:cooked_dinosaur_chop":1},"minecraft:killed_by":{"undead_revamp2:sucker":1,"minecraft:wither_skeleton":2,"minecraft:creeper":1,"minecraft:zombie":5,"minecraft:husk":4,"minecraft:player":3,"minecraft:skeleton":15},"minecraft:broken":{"minecraft:golden_helmet":1,"minecraft:diamond_helmet":1,"takesapillage:ravager_horn":1,"minecraft:diamond_boots":1,"minecraft:diamond_chestplate":1,"minecraft:stone_sword":1,"minecraft:diamond_leggings":1},"minecraft:custom":{"minecraft:interact_with_crafting_table":50,"minecraft:open_barrel":108,"minecraft:eat_cake_slice":14,"minecraft:leave_game":8,"minecraft:time_since_death":7737,"minecraft:damage_resisted":28,"minecraft:sprint_one_cm":631608,"minecraft:damage_blocked_by_shield":1290,"minecraft:drop":58,"minecraft:play_time":567780,"minecraft:deaths":33,"minecraft:jump":5385,"minecraft:interact_with_brewingstand":3,"minecraft:walk_on_water_one_cm":12830,"minecraft:enchant_item":3,"minecraft:interact_with_furnace":19,"minecraft:interact_with_cartography_table":1,"minecraft:interact_with_loom":2,"minecraft:sleep_in_bed":14,"minecraft:open_enderchest":2,"minecraft:damage_dealt":104307,"minecraft:player_kills":2,"minecraft:crouch_one_cm":98457,"tombstone:undead_killed":275,"minecraft:interact_with_smoker":13,"minecraft:interact_with_smithing_table":4,"minecraft:interact_with_anvil":1,"minecraft:mob_kills":410,"minecraft:inspect_hopper":3,"minecraft:damage_dealt_resisted":6074,"minecraft:climb_one_cm":12144,"minecraft:walk_one_cm":1628501,"minecraft:damage_dealt_absorbed":27,"minecraft:sneak_time":47515,"minecraft:walk_under_water_one_cm":5177,"minecraft:interact_with_blast_furnace":16,"minecraft:total_world_time":567780,"tombstone:raider_killed":10,"minecraft:time_since_rest":7275,"minecraft:damage_taken":22751,"minecraft:damage_absorbed":161,"minecraft:swim_one_cm":23177,"minecraft:fly_one_cm":1817744,"minecraft:open_chest":248,"minecraft:fall_one_cm":141425},"minecraft:picked_up":{"minecraft:wheat":6,"alexscaves:tough_hide":2,"minecraft:iron_trapdoor":1,"minecraft:anvil":1,"minecraft:smithing_table":1,"minecraft:diamond_sword":10,"iceandfire:armor_copper_metal_chestplate":1,"minecraft:enchanted_book":1,"minecraft:potion":5,"minecraft:nether_brick":46,"tombstone:grave_key":9,"minecraft:brewing_stand":3,"minecraft:polished_deepslate":1,"minecraft:string":4,"minecraft:dark_oak_trapdoor":4,"minecraft:waxed_cut_copper_slab":14,"minecraft:cooked_salmon":1,"minecraft:smooth_stone_slab":3,"minecraft:sea_pickle":2,"alexsmobs:blood_sac":6,"minecraft:red_sand":4,"minecraft:gold_nugget":67,"minecraft:spruce_planks":7,"minecraft:waxed_exposed_cut_copper":4,"minecraft:smooth_quartz":1,"minecraft:calcite":8,"minecraft:iron_pickaxe":2,"born_in_chaos_v1:stimulating_decoction":4,"minecraft:melon_slice":7,"minecraft:coal_block":3,"minecraft:furnace":2,"minecraft:stick":21,"born_in_chaos_v1:shattered_skull":1,"minecraft:torch":11,"minecraft:spruce_stairs":1,"alexscaves:heavy_bone":2,"minecraft:porkchop":21,"iceandfire:lightning_dragon_flesh":15,"tombstone:grave_dust":29,"minecraft:diorite":25,"minecraft:waxed_cut_copper_stairs":1,"minecraft:orange_bed":1,"minecraft:stone_sword":4,"minecraft:rotten_flesh":153,"minecraft:waxed_cut_copper":10,"minecraft:blaze_rod":22,"minecraft:obsidian":8,"undead_revamp2:arapholia":5,"minecraft:cobblestone":115,"paraglider:paraglider":1,"born_in_chaos_v1:staffof_magic_arrows":2,"minecraft:leather_chestplate":1,"minecraft:feather":3,"minecraft:birch_slab":1,"minecraft:orange_carpet":1,"minecraft:golden_leggings":2,"minecraft:mud_brick_stairs":1,"minecraft:smoker":1,"paraglider:spirit_orb":34,"evilcraft:flesh_humanoid":4,"undead_revamp2:huntereye":1,"minecraft:wither_skeleton_skull":5,"minecraft:lapis_lazuli":4,"minecraft:dirt":87,"born_in_chaos_v1:monster_skin":2,"minecraft:purple_carpet":1,"minecraft:bone":140,"undead_revamp2:blacpetalblock":2,"minecraft:bow":2,"minecraft:wheat_seeds":1,"minecraft:dark_oak_sign":12,"minecraft:glowstone_dust":14,"minecraft:diamond_helmet":1,"minecraft:moss_block":3,"minecraft:oak_planks":6,"minecraft:black_terracotta":42,"iceandfire:lightning_dragon_heart":1,"minecraft:dark_oak_log":1,"minecraft:dark_prismarine":13,"undead_revamp2:heavytooth":1,"minecraft:bundle":6,"minecraft:dark_prismarine_slab":3,"minecraft:yellow_carpet":1,"minecraft:diamond":22,"iceandfire:lectern":1,"iceandfire:crackled_stone":55,"minecraft:lever":1,"minecraft:polished_blackstone_button":1,"minecraft:granite":16,"minecraft:golden_apple":10,"minecraft:spruce_sign":2,"minecraft:emerald":1,"minecraft:oak_sapling":44,"minecraft:netherrack":128,"minecraft:diamond_pickaxe":1,"iceandfire:dragon_skull_lightning":1,"minecraft:crafting_table":4,"minecraft:charcoal":8,"minecraft:waxed_oxidized_cut_copper":7,"alexscaves:primal_magma":6,"minecraft:chicken":2,"iceandfire:witherbone":8,"minecraft:nether_wart":72,"minecraft:ladder":2,"born_in_chaos_v1:seedof_chaos":1,"minecraft:cooked_rabbit":2,"minecraft:gold_block":5,"minecraft:crimson_trapdoor":5,"alexscaves:flood_basalt":6,"minecraft:iron_axe":1,"born_in_chaos_v1:intoxicating_decoction":1,"minecraft:item_frame":8,"minecraft:compass":2,"alexscaves:dinosaur_chop":3,"minecraft:blackstone":19,"takesapillage:ravager_horn":9,"minecraft:cyan_carpet":2,"minecraft:glass_pane":1,"paraglider:rito_goddess_statue":3,"minecraft:beef":2,"born_in_chaos_v1:gnawed_bones":1,"minecraft:player_head":8,"minecraft:lectern":1,"minecraft:tinted_glass":15,"tombstone:tablet_of_assistance":1,"minecraft:chest":1,"minecraft:spruce_trapdoor":1,"minecraft:egg":1,"minecraft:copper_ore":2,"minecraft:raw_iron":352,"minecraft:sandstone":41,"iceandfire:dragonbone":38,"alexscaves:cycad":1,"sophisticatedbackpacks:backpack":1,"minecraft:carrot":2,"born_in_chaos_v1:pieceofdarkmetal":4,"minecraft:redstone":2,"minecraft:blue_carpet":4,"minecraft:stone_pressure_plate":2,"minecraft:dark_oak_planks":17,"iceandfire:dragonegg_electric":1,"minecraft:purple_candle":2,"minecraft:arrow":123,"minecraft:diamond_chestplate":1,"minecraft:pumpkin_pie":1,"minecraft:peony":1,"minecraft:nether_bricks":65,"alexscaves:pewen_wood":1,"minecraft:diamond_boots":1,"minecraft:waxed_oxidized_cut_copper_stairs":1,"minecraft:hay_block":9,"minecraft:gold_ingot":50,"minecraft:glistering_melon_slice":10,"tombstone:essence_of_undeath":1,"undead_revamp2:wincallerfan":1,"minecraft:mutton":3,"minecraft:white_wool":2,"minecraft:skeleton_skull":2,"born_in_chaos_v1:fused_bone":2,"minecraft:stripped_oak_log":1,"born_in_chaos_v1:corpse_maggot":29,"alexscaves:pewen_log":7,"minecraft:mud_bricks":51,"minecraft:clock":1,"born_in_chaos_v1:monster_flesh":2,"minecraft:tripwire_hook":3,"minecraft:salmon":2,"minecraft:leather":14,"minecraft:packed_mud":29,"alexscaves:limestone":261,"minecraft:oak_log":145,"minecraft:gunpowder":15,"alexscaves:pewen_planks":12,"alexscaves:ambersol":1,"alexscaves:amber":6,"alexscaves:pewen_sapling":1,"minecraft:light_blue_banner":1,"minecraft:apple":4,"minecraft:gray_carpet":1,"minecraft:stone_bricks":1,"minecraft:acacia_trapdoor":1,"born_in_chaos_v1:smoked_flesh":1,"minecraft:iron_ingot":18,"minecraft:cooked_chicken":1,"tombstone:bag_of_seeds":3,"alexscaves:curly_fern":2,"minecraft:soul_sand":6,"minecraft:glass_bottle":2,"iceandfire:crackled_cobblestone":71,"minecraft:acacia_sapling":3,"minecraft:flowering_azalea":1,"minecraft:dark_oak_stairs":9,"stalwart_dungeons:transient_block_close":1,"minecraft:book":32,"iceandfire:copper_nugget":294,"minecraft:dark_oak_slab":15,"minecraft:sweet_berries":13,"minecraft:quartz":74,"born_in_chaos_v1:orbofthe_summoner":2,"born_in_chaos_v1:ethereal_spirit":1,"minecraft:cracked_nether_bricks":3,"alexscaves:tree_star":2,"minecraft:crimson_stairs":2,"minecraft:amethyst_shard":8,"minecraft:spruce_sapling":9,"minecraft:mud_brick_wall":10,"minecraft:blast_furnace":20,"minecraft:spruce_log":17,"minecraft:crying_obsidian":1,"minecraft:spider_eye":2,"iceandfire:dragonscales_copper":38,"undead_revamp2:rawbostrox":3,"minecraft:slime_ball":2,"born_in_chaos_v1:pile_of_skulls":1,"minecraft:diamond_axe":2,"alexscaves:pine_nuts":1,"tombstone:magic_scroll":2,"minecraft:damaged_anvil":2,"minecraft:coal":19,"alexscaves:ancient_sapling":1,"minecraft:wooden_axe":1},"minecraft:crafted":{"minecraft:oak_planks":384,"minecraft:lightning_rod":1,"alexscaves:pewen_planks":32,"minecraft:bookshelf":25,"minecraft:cooked_mutton":3,"minecraft:glass":64,"minecraft:bow":2,"minecraft:diamond_helmet":2,"minecraft:diamond_leggings":3,"minecraft:chest":3,"minecraft:smoker":1,"sophisticatedbackpacks:backpack":1,"minecraft:cooked_porkchop":21,"minecraft:diamond_axe":1,"minecraft:crafting_table":11,"minecraft:spruce_planks":60,"minecraft:wooden_pickaxe":1,"minecraft:copper_ingot":29,"minecraft:gold_block":22,"minecraft:diamond_pickaxe":3,"minecraft:shield":2,"sophisticatedbackpacks:diamond_backpack":1,"minecraft:stick":64,"born_in_chaos_v1:smoked_flesh":10,"minecraft:iron_pickaxe":1,"minecraft:iron_block":16,"minecraft:stone_sword":1,"minecraft:gold_ingot":198,"sophisticatedbackpacks:netherite_backpack":1,"minecraft:coal":27,"minecraft:spyglass":1,"minecraft:leather":1,"born_in_chaos_v1:fried_maggot":2,"minecraft:stone_pickaxe":1,"minecraft:diamond_boots":2,"minecraft:dark_oak_planks":4,"minecraft:wheat":468,"sophisticatedbackpacks:iron_backpack":1,"paraglider:paraglider":1,"alexscaves:cooked_dinosaur_chop":1,"minecraft:diamond_sword":4,"minecraft:iron_sword":2,"sophisticatedbackpacks:gold_backpack":2,"minecraft:stone_axe":1,"minecraft:bread":158,"minecraft:air":0,"minecraft:wooden_axe":1,"minecraft:torch":136,"minecraft:diamond_chestplate":3}},"DataVersion":3465}