{"stats":{"minecraft:used":{"minecraft:dirt":14,"minecraft:sweet_berries":2,"alexsmobs:animal_dictionary":1,"minecraft:egg":1},"minecraft:custom":{"minecraft:time_since_rest":622,"minecraft:open_chest":5,"minecraft:crouch_one_cm":1131,"minecraft:walk_one_cm":63302,"minecraft:play_time":28359,"minecraft:sprint_one_cm":15696,"minecraft:damage_taken":332,"minecraft:deaths":1,"minecraft:sneak_time":385,"minecraft:jump":206,"minecraft:leave_game":1,"minecraft:time_since_death":9244,"minecraft:sleep_in_bed":1,"minecraft:total_world_time":28359,"minecraft:fall_one_cm":4301,"minecraft:fly_one_cm":26529},"minecraft:mined":{"undead_revamp2:arapholia":1,"minecraft:dirt":1,"minecraft:spruce_leaves":7},"minecraft:picked_up":{"minecraft:stick":1,"minecraft:feather":1,"minecraft:rotten_flesh":13,"minecraft:sweet_berries":13,"minecraft:spruce_log":2,"undead_revamp2:arapholia":3,"minecraft:dirt":14,"minecraft:egg":1},"minecraft:killed_by":{"minecraft:creeper":1}},"DataVersion":3465}