{"stats":{"minecraft:custom":{"minecraft:interact_with_furnace":1,"minecraft:mob_kills":62,"minecraft:interact_with_cartography_table":1,"minecraft:interact_with_crafting_table":5,"minecraft:open_barrel":25,"minecraft:damage_dealt_resisted":1316,"minecraft:eat_cake_slice":14,"minecraft:time_since_death":29249,"minecraft:leave_game":2,"minecraft:sleep_in_bed":3,"minecraft:climb_one_cm":5891,"minecraft:time_since_rest":28744,"minecraft:sprint_one_cm":93286,"minecraft:damage_taken":3047,"minecraft:walk_one_cm":276508,"minecraft:drop":8,"minecraft:damage_dealt":16079,"minecraft:swim_one_cm":10965,"minecraft:fly_one_cm":115656,"minecraft:open_chest":15,"minecraft:crouch_one_cm":5697,"minecraft:play_time":79733,"tombstone:undead_killed":47,"minecraft:deaths":6,"minecraft:sneak_time":1719,"minecraft:walk_under_water_one_cm":739,"minecraft:jump":812,"minecraft:interact_with_blast_furnace":1,"minecraft:walk_on_water_one_cm":4602,"minecraft:total_world_time":79733,"minecraft:fall_one_cm":18621},"minecraft:mined":{"undead_revamp2:arapholia":1,"minecraft:smithing_table":1,"minecraft:stone_pressure_plate":1,"minecraft:crafting_table":2,"minecraft:spruce_trapdoor":1,"minecraft:blast_furnace":13,"minecraft:calcite":7,"minecraft:coal_block":3,"minecraft:cobblestone":9,"minecraft:spruce_leaves":9,"minecraft:damaged_anvil":2,"minecraft:diorite":1,"minecraft:spawner":3,"minecraft:spruce_stairs":1,"minecraft:hay_block":9,"minecraft:black_stained_glass":1,"minecraft:furnace":1,"minecraft:spruce_log":14,"minecraft:smooth_stone_slab":1,"minecraft:bookshelf":9,"minecraft:dirt":1,"minecraft:oak_leaves":4},"minecraft:broken":{"minecraft:stone_sword":1},"minecraft:killed":{"minecraft:husk":38,"born_in_chaos_v1:restless_spirit":1,"born_in_chaos_v1:baby_skeleton":2,"born_in_chaos_v1:door_knight_not_despawn":1,"minecraft:spider":1,"born_in_chaos_v1:maggot":5,"minecraft:sheep":2,"minecraft:skeleton":6,"minecraft:chicken":2,"minecraft:cow":2},"minecraft:used":{"minecraft:calcite":1,"minecraft:damaged_anvil":1,"minecraft:stone_sword":131,"minecraft:stone_pickaxe":33,"minecraft:leather_chestplate":1,"minecraft:wooden_pickaxe":9,"minecraft:iron_sword":182,"minecraft:dirt":46,"minecraft:crafting_table":3,"minecraft:mushroom_stew":6,"minecraft:carrot":13,"minecraft:cake":3,"minecraft:spruce_log":1,"minecraft:wooden_axe":13,"minecraft:bread":11,"minecraft:leather_helmet":1,"minecraft:stone_axe":65,"minecraft:sweet_berries":6,"tombstone:gift":6,"alexsmobs:animal_dictionary":1,"minecraft:egg":1,"minecraft:iron_leggings":1,"minecraft:golden_boots":1},"minecraft:dropped":{"minecraft:smooth_stone_slab":2,"minecraft:cobblestone":1,"evilcraft:flesh_humanoid":1,"minecraft:iron_leggings":1,"minecraft:stone_pressure_plate":1,"minecraft:calcite":2},"minecraft:picked_up":{"born_in_chaos_v1:corpse_maggot":2,"minecraft:crafting_table":2,"minecraft:feather":3,"minecraft:chicken":2,"minecraft:tripwire_hook":1,"minecraft:golden_leggings":1,"minecraft:leather":3,"minecraft:smithing_table":1,"paraglider:spirit_orb":8,"minecraft:oak_log":11,"minecraft:string":1,"minecraft:dirt":56,"minecraft:smooth_stone_slab":3,"minecraft:item_frame":2,"minecraft:bone":9,"minecraft:cyan_carpet":1,"minecraft:apple":2,"born_in_chaos_v1:gnawed_bones":1,"minecraft:beef":2,"minecraft:dark_oak_sign":12,"minecraft:calcite":8,"minecraft:coal_block":3,"minecraft:spruce_trapdoor":1,"minecraft:furnace":1,"minecraft:egg":1,"minecraft:book":27,"minecraft:stick":5,"minecraft:sweet_berries":13,"born_in_chaos_v1:ethereal_spirit":1,"minecraft:spruce_stairs":1,"minecraft:carrot":1,"minecraft:spruce_sapling":9,"tombstone:grave_dust":2,"minecraft:blast_furnace":13,"minecraft:diorite":1,"minecraft:spruce_log":16,"minecraft:spider_eye":1,"minecraft:stone_pressure_plate":2,"minecraft:bundle":1,"minecraft:arrow":8,"minecraft:rotten_flesh":45,"minecraft:hay_block":9,"minecraft:spruce_sign":2,"minecraft:oak_sapling":3,"minecraft:damaged_anvil":2,"minecraft:mutton":3,"undead_revamp2:arapholia":3,"minecraft:white_wool":2,"minecraft:cobblestone":10},"minecraft:crafted":{"minecraft:coal":27,"minecraft:crafting_table":1,"minecraft:spruce_planks":16,"minecraft:wooden_pickaxe":1,"minecraft:iron_sword":2,"minecraft:stone_axe":1,"minecraft:stick":8,"minecraft:stone_pickaxe":1,"minecraft:wooden_axe":1,"minecraft:stone_sword":1},"minecraft:killed_by":{"minecraft:husk":4,"minecraft:skeleton":1,"minecraft:creeper":1}},"DataVersion":3465}