{"stats":{"minecraft:broken":{"takesapillage:ravager_horn":1,"minecraft:stone_sword":1},"minecraft:dropped":{"minecraft:oak_log":1,"minecraft:leather":3,"minecraft:iron_pickaxe":1,"tombstone:familiar_receptacle":1,"evilcraft:flesh_humanoid":1,"minecraft:arrow":7,"minecraft:cracked_nether_bricks":2,"minecraft:wheat_seeds":1,"minecraft:cobblestone":46,"minecraft:granite":8,"minecraft:diorite":12,"minecraft:torch":43,"tombstone:grave_key":2,"minecraft:potion":2,"minecraft:iron_leggings":1,"alexscaves:limestone":7,"born_in_chaos_v1:staffof_magic_arrows":2,"minecraft:stone_sword":1,"minecraft:smooth_stone_slab":2,"minecraft:diamond_sword":1,"minecraft:shield":1,"minecraft:diamond_chestplate":1,"minecraft:diamond_pickaxe":1,"minecraft:stone_pressure_plate":1,"minecraft:bow":1,"minecraft:red_sand":2,"minecraft:calcite":2},"minecraft:picked_up":{"minecraft:smithing_table":1,"minecraft:diamond_sword":5,"iceandfire:armor_copper_metal_chestplate":1,"minecraft:enchanted_book":1,"minecraft:potion":5,"tombstone:grave_key":2,"minecraft:brewing_stand":2,"minecraft:string":1,"minecraft:cooked_salmon":1,"minecraft:smooth_stone_slab":3,"minecraft:red_sand":4,"alexsmobs:blood_sac":1,"minecraft:spruce_planks":6,"minecraft:waxed_exposed_cut_copper":2,"minecraft:calcite":8,"minecraft:iron_pickaxe":2,"born_in_chaos_v1:stimulating_decoction":4,"minecraft:melon_slice":7,"minecraft:coal_block":3,"minecraft:furnace":1,"minecraft:stick":9,"born_in_chaos_v1:shattered_skull":1,"minecraft:torch":6,"minecraft:spruce_stairs":1,"iceandfire:lightning_dragon_flesh":15,"minecraft:diorite":25,"tombstone:grave_dust":14,"minecraft:orange_bed":1,"minecraft:stone_sword":2,"minecraft:rotten_flesh":108,"minecraft:waxed_cut_copper":7,"undead_revamp2:arapholia":4,"minecraft:cobblestone":111,"born_in_chaos_v1:staffof_magic_arrows":2,"minecraft:leather_chestplate":1,"minecraft:feather":3,"minecraft:golden_leggings":1,"paraglider:spirit_orb":16,"evilcraft:flesh_humanoid":4,"minecraft:wither_skeleton_skull":1,"minecraft:dirt":87,"minecraft:bone":75,"undead_revamp2:blacpetalblock":2,"minecraft:wheat_seeds":1,"minecraft:dark_oak_sign":12,"minecraft:diamond_helmet":1,"minecraft:moss_block":3,"minecraft:black_terracotta":4,"iceandfire:lightning_dragon_heart":1,"minecraft:bundle":4,"minecraft:diamond":1,"iceandfire:lectern":1,"iceandfire:crackled_stone":55,"minecraft:granite":16,"minecraft:golden_apple":2,"minecraft:spruce_sign":2,"minecraft:emerald":1,"minecraft:oak_sapling":18,"minecraft:diamond_pickaxe":1,"iceandfire:dragon_skull_lightning":1,"minecraft:waxed_oxidized_cut_copper":4,"minecraft:crafting_table":3,"iceandfire:witherbone":3,"minecraft:chicken":2,"minecraft:ladder":2,"minecraft:iron_axe":1,"born_in_chaos_v1:intoxicating_decoction":1,"minecraft:item_frame":2,"takesapillage:ravager_horn":5,"minecraft:cyan_carpet":1,"paraglider:rito_goddess_statue":3,"minecraft:beef":2,"born_in_chaos_v1:gnawed_bones":1,"minecraft:player_head":3,"tombstone:tablet_of_assistance":1,"minecraft:chest":1,"minecraft:spruce_trapdoor":1,"minecraft:copper_ore":2,"minecraft:egg":1,"minecraft:raw_iron":1,"minecraft:sandstone":41,"iceandfire:dragonbone":38,"alexscaves:cycad":1,"sophisticatedbackpacks:backpack":1,"born_in_chaos_v1:pieceofdarkmetal":4,"minecraft:carrot":1,"minecraft:redstone":2,"minecraft:stone_pressure_plate":2,"minecraft:dark_oak_planks":1,"iceandfire:dragonegg_electric":1,"minecraft:arrow":71,"minecraft:diamond_chestplate":1,"minecraft:peony":1,"minecraft:nether_bricks":29,"alexscaves:pewen_wood":1,"minecraft:diamond_boots":1,"minecraft:hay_block":9,"minecraft:glistering_melon_slice":10,"minecraft:gold_ingot":1,"minecraft:mutton":3,"minecraft:skeleton_skull":1,"minecraft:white_wool":2,"born_in_chaos_v1:corpse_maggot":22,"minecraft:mud_bricks":14,"alexscaves:pewen_log":7,"minecraft:tripwire_hook":1,"minecraft:leather":6,"minecraft:packed_mud":21,"alexscaves:limestone":261,"minecraft:oak_log":90,"minecraft:gunpowder":2,"alexscaves:pewen_planks":12,"alexscaves:ambersol":1,"alexscaves:amber":6,"alexscaves:pewen_sapling":1,"minecraft:light_blue_banner":1,"minecraft:apple":3,"minecraft:stone_bricks":1,"minecraft:iron_ingot":15,"tombstone:bag_of_seeds":2,"minecraft:acacia_sapling":3,"minecraft:flowering_azalea":1,"minecraft:dark_oak_stairs":5,"iceandfire:crackled_cobblestone":70,"minecraft:book":28,"iceandfire:copper_nugget":294,"minecraft:dark_oak_slab":2,"minecraft:sweet_berries":13,"born_in_chaos_v1:orbofthe_summoner":2,"born_in_chaos_v1:ethereal_spirit":1,"minecraft:cracked_nether_bricks":2,"alexscaves:tree_star":2,"minecraft:amethyst_shard":4,"minecraft:mud_brick_wall":4,"minecraft:spruce_sapling":9,"minecraft:blast_furnace":20,"minecraft:spruce_log":17,"minecraft:spider_eye":1,"iceandfire:dragonscales_copper":38,"undead_revamp2:rawbostrox":3,"minecraft:slime_ball":1,"born_in_chaos_v1:pile_of_skulls":1,"alexscaves:pine_nuts":1,"minecraft:diamond_axe":2,"tombstone:magic_scroll":1,"minecraft:damaged_anvil":2,"minecraft:coal":10,"minecraft:wooden_axe":1},"minecraft:custom":{"minecraft:interact_with_crafting_table":31,"minecraft:open_barrel":56,"minecraft:eat_cake_slice":14,"minecraft:leave_game":6,"minecraft:time_since_death":1789,"minecraft:sprint_one_cm":339226,"minecraft:damage_blocked_by_shield":250,"minecraft:drop":34,"minecraft:play_time":378539,"minecraft:deaths":25,"minecraft:jump":3463,"minecraft:interact_with_brewingstand":2,"minecraft:walk_on_water_one_cm":12576,"minecraft:enchant_item":1,"minecraft:interact_with_furnace":19,"minecraft:interact_with_cartography_table":1,"minecraft:sleep_in_bed":12,"minecraft:damage_dealt":48979,"minecraft:player_kills":2,"minecraft:crouch_one_cm":63254,"tombstone:undead_killed":149,"minecraft:mob_kills":202,"minecraft:inspect_hopper":3,"minecraft:damage_dealt_resisted":2860,"minecraft:climb_one_cm":11148,"minecraft:walk_one_cm":1001395,"minecraft:sneak_time":31755,"minecraft:walk_under_water_one_cm":5177,"minecraft:interact_with_blast_furnace":6,"minecraft:total_world_time":378539,"tombstone:raider_killed":8,"minecraft:time_since_rest":1004,"minecraft:damage_taken":12099,"minecraft:swim_one_cm":23177,"minecraft:fly_one_cm":1421675,"minecraft:open_chest":147,"minecraft:fall_one_cm":81599},"minecraft:killed":{"born_in_chaos_v1:restless_spirit":1,"born_in_chaos_v1:door_knight_not_despawn":1,"minecraft:spider":1,"undead_revamp2:theswarmer":2,"minecraft:skeleton":69,"minecraft:bee":2,"minecraft:chicken":2,"undead_revamp2:thepregnant":1,"undead_revamp2:crackleball":1,"undead_revamp2:theheavy":1,"minecraft:creeper":4,"alexsmobs:crimson_mosquito":1,"minecraft:sheep":2,"undead_revamp2:theordure":2,"minecraft:pillager":1,"minecraft:zombie":7,"born_in_chaos_v1:corpse_fly":1,"minecraft:blaze":3,"minecraft:cow":2,"alexscaves:vallumraptor":1,"born_in_chaos_v1:zombie_clown_not_despawn":1,"born_in_chaos_v1:skeleton_thrasher_not_despawn":1,"undead_revamp2:bomber":1,"born_in_chaos_v1:zombie_bruiser":1,"born_in_chaos_v1:maggot":15,"minecraft:husk":38,"born_in_chaos_v1:baby_skeleton":2,"undead_revamp2:the_moonflower":14,"minecraft:ravager":7,"undead_revamp2:thesomnolence":1,"minecraft:wither_skeleton":8},"minecraft:mined":{"undead_revamp2:arapholia":1,"minecraft:stone_pressure_plate":1,"minecraft:spruce_planks":6,"iceandfire:copper_pile":28,"minecraft:black_terracotta":3,"paraglider:rito_goddess_statue":3,"minecraft:brewing_stand":2,"alexscaves:limestone":258,"minecraft:spruce_trapdoor":1,"minecraft:granite":8,"minecraft:grass_block":15,"iceandfire:lectern":1,"minecraft:coal_block":3,"minecraft:mud_bricks":14,"minecraft:mud_brick_wall":4,"born_in_chaos_v1:pile_of_skulls":1,"minecraft:spawner":6,"iceandfire:crackled_cobblestone":65,"minecraft:iron_ore":1,"minecraft:fire":2,"minecraft:dark_oak_stairs":2,"alexscaves:ambersol":1,"minecraft:orange_bed":1,"minecraft:waxed_cut_copper":1,"alexscaves:pewen_planks":12,"alexscaves:amber":5,"minecraft:medium_amethyst_bud":1,"minecraft:amethyst_cluster":1,"minecraft:torch":3,"minecraft:blast_furnace":20,"minecraft:calcite":7,"minecraft:melon":1,"minecraft:chest":1,"alexscaves:pewen_wood":1,"minecraft:cobblestone":9,"minecraft:slime_block":2,"minecraft:damaged_anvil":2,"minecraft:skeleton_skull":1,"minecraft:dark_oak_slab":1,"iceandfire:crackled_stone":54,"minecraft:smooth_stone_slab":1,"minecraft:grass":7,"minecraft:oak_log":66,"minecraft:dirt":16,"minecraft:oak_leaves":12,"minecraft:diamond_ore":1,"minecraft:nether_bricks":29,"alexscaves:pewen_log":7,"minecraft:spruce_leaves":9,"minecraft:moss_block":2,"minecraft:cracked_nether_bricks":1,"minecraft:sandstone":42,"minecraft:large_fern":1,"minecraft:hay_block":9,"minecraft:furnace":1,"minecraft:waxed_oxidized_cut_copper":4,"minecraft:packed_mud":15,"alexscaves:pewen_pines":1,"minecraft:bookshelf":9,"alexscaves:curly_fern":1,"minecraft:stone":50,"sophisticatedbackpacks:backpack":1,"minecraft:smithing_table":1,"minecraft:flowering_azalea":1,"minecraft:crafting_table":3,"minecraft:emerald_ore":1,"minecraft:tall_grass":4,"minecraft:diorite":13,"minecraft:spruce_stairs":1,"minecraft:black_stained_glass":1,"minecraft:coarse_dirt":1,"minecraft:spruce_log":15,"minecraft:coal_ore":8,"minecraft:stone_bricks":2,"minecraft:small_dripleaf":1,"minecraft:waxed_exposed_cut_copper":2,"minecraft:fern":1},"minecraft:crafted":{"minecraft:oak_planks":248,"minecraft:lightning_rod":1,"alexscaves:pewen_planks":32,"minecraft:bookshelf":20,"minecraft:cooked_mutton":3,"minecraft:glass":64,"minecraft:bow":1,"minecraft:diamond_leggings":1,"minecraft:chest":1,"sophisticatedbackpacks:backpack":1,"minecraft:diamond_axe":1,"minecraft:crafting_table":8,"minecraft:spruce_planks":60,"minecraft:wooden_pickaxe":1,"minecraft:copper_ingot":29,"minecraft:gold_block":7,"minecraft:diamond_pickaxe":1,"minecraft:shield":2,"minecraft:stick":52,"minecraft:iron_pickaxe":1,"minecraft:iron_block":16,"minecraft:stone_sword":1,"minecraft:gold_ingot":9,"minecraft:coal":27,"minecraft:spyglass":1,"minecraft:leather":1,"born_in_chaos_v1:fried_maggot":2,"minecraft:stone_pickaxe":1,"minecraft:wheat":180,"sophisticatedbackpacks:iron_backpack":1,"minecraft:diamond_sword":1,"minecraft:iron_sword":2,"sophisticatedbackpacks:gold_backpack":1,"minecraft:stone_axe":1,"minecraft:bread":60,"minecraft:air":0,"minecraft:wooden_axe":1,"minecraft:torch":136,"minecraft:diamond_chestplate":1},"minecraft:used":{"iceandfire:lectern":1,"minecraft:beetroot":7,"minecraft:chest":1,"minecraft:shield":5,"minecraft:iron_sword":204,"minecraft:player_head":1,"alexscaves:ambersol":1,"minecraft:nether_bricks":21,"minecraft:carrot":32,"born_in_chaos_v1:smoked_flesh":2,"minecraft:packed_mud":9,"alexscaves:amber":6,"minecraft:stone_bricks":1,"minecraft:bow":96,"minecraft:sweet_berries":6,"minecraft:oak_sapling":12,"minecraft:egg":1,"minecraft:golden_boots":1,"minecraft:dark_oak_stairs":1,"minecraft:damaged_anvil":2,"minecraft:wither_skeleton_skull":1,"minecraft:stone_pickaxe":35,"minecraft:oak_planks":36,"minecraft:wooden_pickaxe":9,"minecraft:leather_chestplate":1,"minecraft:diamond_axe":113,"minecraft:mushroom_stew":6,"minecraft:blast_furnace":20,"minecraft:lightning_rod":1,"minecraft:black_terracotta":6,"sophisticatedbackpacks:backpack":1,"minecraft:bread":57,"stalwart_dungeons:nether_hammer":83,"minecraft:diamond_sword":402,"minecraft:stone_sword":131,"minecraft:spruce_planks":38,"cataclysm:coral_bardiche":24,"born_in_chaos_v1:fried_maggot":2,"minecraft:orange_bed":1,"minecraft:torch":93,"minecraft:dirt":67,"minecraft:spyglass":71,"alexscaves:limestone":103,"minecraft:wooden_axe":13,"minecraft:bookshelf":20,"minecraft:mud_bricks":3,"paraglider:rito_goddess_statue":3,"minecraft:golden_carrot":8,"minecraft:goat_horn":5,"tombstone:gift":10,"minecraft:iron_leggings":1,"minecraft:calcite":1,"minecraft:cooked_mutton":3,"tombstone:scroll_of_knowledge":1,"iceandfire:crackled_stone":53,"iceandfire:dragon_skull_lightning":1,"minecraft:crafting_table":11,"minecraft:red_bed":1,"born_in_chaos_v1:cultivated_pumpkin":3,"minecraft:cake":3,"minecraft:spruce_log":2,"alexscaves:pewen_planks":12,"minecraft:oak_log":1,"minecraft:diamond_pickaxe":402,"minecraft:apple":1,"minecraft:iron_pickaxe":206,"minecraft:leather_helmet":1,"alexscaves:pine_nuts":1,"minecraft:stone_axe":65,"iceandfire:crackled_cobblestone":55,"minecraft:cobblestone":56,"alexsmobs:animal_dictionary":1,"takesapillage:ravager_horn":1},"minecraft:killed_by":{"undead_revamp2:sucker":1,"minecraft:creeper":1,"minecraft:zombie":5,"minecraft:husk":4,"minecraft:player":2,"minecraft:skeleton":10}},"DataVersion":3465}