{"stats":{"minecraft:custom":{"minecraft:interact_with_furnace":1,"minecraft:mob_kills":14,"minecraft:interact_with_crafting_table":4,"minecraft:open_barrel":4,"minecraft:leave_game":1,"minecraft:time_since_death":3936,"minecraft:sleep_in_bed":2,"minecraft:time_since_rest":3702,"minecraft:sprint_one_cm":35129,"minecraft:damage_taken":1536,"minecraft:walk_one_cm":127009,"minecraft:drop":7,"minecraft:damage_dealt":2571,"minecraft:fly_one_cm":45224,"minecraft:open_chest":9,"minecraft:crouch_one_cm":1131,"minecraft:play_time":45248,"tombstone:undead_killed":8,"minecraft:deaths":4,"minecraft:sneak_time":385,"minecraft:jump":318,"minecraft:interact_with_blast_furnace":1,"minecraft:walk_on_water_one_cm":923,"minecraft:total_world_time":45248,"minecraft:fall_one_cm":5406},"minecraft:mined":{"undead_revamp2:arapholia":1,"minecraft:smithing_table":1,"minecraft:stone_pressure_plate":1,"minecraft:crafting_table":2,"minecraft:spruce_trapdoor":1,"minecraft:blast_furnace":6,"minecraft:calcite":1,"minecraft:coal_block":3,"minecraft:cobblestone":9,"minecraft:spruce_leaves":9,"minecraft:damaged_anvil":2,"minecraft:spawner":1,"minecraft:hay_block":6,"minecraft:black_stained_glass":1,"minecraft:furnace":1,"minecraft:spruce_log":14,"minecraft:smooth_stone_slab":1,"minecraft:bookshelf":4,"minecraft:dirt":1},"minecraft:killed":{"minecraft:husk":2,"minecraft:sheep":2,"minecraft:skeleton":6,"minecraft:chicken":2,"minecraft:cow":2},"minecraft:used":{"minecraft:damaged_anvil":1,"minecraft:stone_sword":22,"minecraft:stone_pickaxe":17,"minecraft:wooden_pickaxe":9,"minecraft:leather_chestplate":1,"minecraft:dirt":14,"minecraft:crafting_table":2,"minecraft:mushroom_stew":3,"minecraft:spruce_log":1,"minecraft:wooden_axe":13,"minecraft:bread":1,"minecraft:stone_axe":34,"minecraft:sweet_berries":6,"tombstone:gift":4,"alexsmobs:animal_dictionary":1,"minecraft:egg":1,"minecraft:iron_leggings":1},"minecraft:dropped":{"minecraft:smooth_stone_slab":2,"minecraft:cobblestone":1,"evilcraft:flesh_humanoid":1,"minecraft:stone_pressure_plate":1,"minecraft:calcite":2},"minecraft:picked_up":{"minecraft:crafting_table":2,"minecraft:feather":3,"minecraft:chicken":2,"minecraft:leather":3,"minecraft:smithing_table":1,"paraglider:spirit_orb":2,"minecraft:dirt":14,"minecraft:smooth_stone_slab":3,"minecraft:item_frame":1,"minecraft:bone":6,"minecraft:cyan_carpet":1,"minecraft:beef":2,"minecraft:calcite":3,"minecraft:coal_block":3,"minecraft:spruce_trapdoor":1,"minecraft:egg":1,"minecraft:furnace":1,"minecraft:book":12,"minecraft:stick":5,"minecraft:sweet_berries":13,"minecraft:spruce_sapling":9,"minecraft:blast_furnace":6,"minecraft:spruce_log":16,"minecraft:stone_pressure_plate":2,"minecraft:arrow":8,"minecraft:rotten_flesh":14,"minecraft:hay_block":6,"minecraft:damaged_anvil":2,"minecraft:mutton":3,"undead_revamp2:arapholia":3,"minecraft:white_wool":2,"minecraft:cobblestone":10},"minecraft:crafted":{"minecraft:crafting_table":1,"minecraft:spruce_planks":16,"minecraft:wooden_pickaxe":1,"minecraft:stone_axe":1,"minecraft:stick":8,"minecraft:stone_pickaxe":1,"minecraft:wooden_axe":1,"minecraft:stone_sword":1},"minecraft:killed_by":{"minecraft:husk":2,"minecraft:skeleton":1,"minecraft:creeper":1}},"DataVersion":3465}