{"stats":{"minecraft:custom":{"minecraft:interact_with_furnace":1,"minecraft:mob_kills":89,"minecraft:inspect_hopper":3,"minecraft:interact_with_cartography_table":1,"minecraft:interact_with_crafting_table":12,"minecraft:open_barrel":27,"minecraft:damage_dealt_resisted":1328,"minecraft:eat_cake_slice":14,"minecraft:time_since_death":2710,"minecraft:leave_game":2,"minecraft:sleep_in_bed":3,"minecraft:climb_one_cm":8445,"minecraft:time_since_rest":1525,"minecraft:sprint_one_cm":106460,"minecraft:damage_taken":5992,"minecraft:walk_one_cm":374181,"minecraft:drop":9,"minecraft:damage_dealt":18685,"minecraft:swim_one_cm":10965,"minecraft:fly_one_cm":125102,"minecraft:open_chest":20,"minecraft:crouch_one_cm":8204,"minecraft:play_time":103733,"tombstone:undead_killed":64,"minecraft:deaths":16,"minecraft:sneak_time":3076,"minecraft:walk_under_water_one_cm":739,"minecraft:jump":946,"minecraft:interact_with_blast_furnace":3,"minecraft:walk_on_water_one_cm":4602,"minecraft:total_world_time":103733,"minecraft:fall_one_cm":18890},"minecraft:mined":{"undead_revamp2:arapholia":1,"minecraft:smithing_table":1,"minecraft:stone_pressure_plate":1,"minecraft:crafting_table":2,"minecraft:spruce_trapdoor":1,"minecraft:blast_furnace":13,"minecraft:calcite":7,"minecraft:slime_block":2,"minecraft:coal_block":3,"minecraft:cobblestone":9,"minecraft:spruce_leaves":9,"minecraft:damaged_anvil":2,"minecraft:diorite":1,"minecraft:spawner":3,"minecraft:spruce_stairs":1,"minecraft:hay_block":9,"minecraft:black_stained_glass":1,"minecraft:packed_mud":8,"minecraft:furnace":1,"minecraft:spruce_log":14,"minecraft:smooth_stone_slab":1,"minecraft:bookshelf":9,"minecraft:dirt":1,"minecraft:oak_leaves":4},"minecraft:broken":{"minecraft:stone_sword":1},"minecraft:killed":{"minecraft:husk":38,"born_in_chaos_v1:restless_spirit":1,"born_in_chaos_v1:baby_skeleton":2,"born_in_chaos_v1:door_knight_not_despawn":1,"minecraft:spider":1,"born_in_chaos_v1:maggot":11,"minecraft:sheep":2,"minecraft:skeleton":17,"minecraft:zombie":6,"minecraft:chicken":2,"minecraft:cow":2},"minecraft:used":{"minecraft:calcite":1,"minecraft:damaged_anvil":1,"minecraft:stone_sword":131,"minecraft:stone_pickaxe":35,"minecraft:oak_planks":5,"minecraft:leather_chestplate":1,"minecraft:wooden_pickaxe":9,"minecraft:iron_sword":204,"minecraft:torch":15,"minecraft:dirt":47,"minecraft:crafting_table":5,"minecraft:mushroom_stew":6,"minecraft:carrot":13,"minecraft:cake":3,"minecraft:spruce_log":1,"minecraft:oak_log":1,"minecraft:wooden_axe":13,"minecraft:bread":11,"minecraft:iron_pickaxe":7,"minecraft:packed_mud":6,"minecraft:leather_helmet":1,"minecraft:stone_axe":65,"minecraft:diamond_sword":35,"minecraft:golden_carrot":3,"minecraft:sweet_berries":6,"tombstone:gift":7,"alexsmobs:animal_dictionary":1,"minecraft:egg":1,"minecraft:iron_leggings":1,"minecraft:golden_boots":1},"minecraft:dropped":{"minecraft:smooth_stone_slab":2,"minecraft:cobblestone":1,"evilcraft:flesh_humanoid":1,"minecraft:shield":1,"minecraft:iron_leggings":1,"minecraft:stone_pressure_plate":1,"minecraft:calcite":2},"minecraft:picked_up":{"born_in_chaos_v1:corpse_maggot":2,"minecraft:crafting_table":2,"minecraft:leather_chestplate":1,"minecraft:feather":3,"minecraft:chicken":2,"minecraft:tripwire_hook":1,"minecraft:golden_leggings":1,"minecraft:leather":3,"minecraft:smithing_table":1,"minecraft:diamond_sword":2,"minecraft:packed_mud":10,"minecraft:enchanted_book":1,"paraglider:spirit_orb":10,"minecraft:oak_log":21,"evilcraft:flesh_humanoid":1,"minecraft:gunpowder":2,"minecraft:string":1,"minecraft:dirt":56,"minecraft:cooked_salmon":1,"minecraft:smooth_stone_slab":3,"minecraft:item_frame":2,"minecraft:bone":12,"minecraft:cyan_carpet":1,"minecraft:apple":2,"minecraft:iron_ingot":7,"born_in_chaos_v1:gnawed_bones":1,"minecraft:beef":2,"minecraft:dark_oak_sign":12,"minecraft:calcite":8,"minecraft:iron_pickaxe":1,"minecraft:diamond_helmet":1,"minecraft:coal_block":3,"minecraft:spruce_trapdoor":1,"minecraft:furnace":1,"minecraft:egg":1,"minecraft:book":27,"minecraft:stick":5,"minecraft:sweet_berries":13,"born_in_chaos_v1:ethereal_spirit":1,"minecraft:spruce_stairs":1,"minecraft:carrot":1,"minecraft:spruce_sapling":9,"tombstone:grave_dust":4,"minecraft:blast_furnace":13,"minecraft:diorite":1,"minecraft:spruce_log":16,"minecraft:spider_eye":1,"minecraft:stone_pressure_plate":2,"minecraft:bundle":1,"minecraft:arrow":28,"minecraft:diamond_chestplate":1,"minecraft:rotten_flesh":50,"minecraft:diamond_boots":1,"minecraft:hay_block":9,"minecraft:spruce_sign":2,"minecraft:glistering_melon_slice":10,"minecraft:waxed_cut_copper":3,"minecraft:oak_sapling":3,"minecraft:damaged_anvil":2,"minecraft:mutton":3,"undead_revamp2:arapholia":3,"minecraft:white_wool":2,"minecraft:cobblestone":10},"minecraft:crafted":{"minecraft:oak_planks":40,"minecraft:coal":27,"minecraft:crafting_table":3,"minecraft:spruce_planks":16,"minecraft:wooden_pickaxe":1,"minecraft:iron_sword":2,"minecraft:stone_axe":1,"minecraft:diamond_leggings":1,"minecraft:shield":2,"minecraft:stick":12,"minecraft:stone_pickaxe":1,"minecraft:wooden_axe":1,"minecraft:iron_block":8,"minecraft:stone_sword":1,"minecraft:torch":16,"minecraft:diamond_chestplate":1},"minecraft:killed_by":{"minecraft:husk":4,"minecraft:skeleton":5,"minecraft:creeper":1,"minecraft:zombie":5}},"DataVersion":3465}