{"stats":{"minecraft:custom":{"minecraft:time_since_rest":1,"minecraft:interact_with_furnace":4,"minecraft:sprint_one_cm":55196,"minecraft:damage_taken":1324,"minecraft:walk_one_cm":41720,"minecraft:mob_kills":1,"minecraft:drop":1,"minecraft:damage_dealt":95,"minecraft:interact_with_crafting_table":1,"minecraft:fly_one_cm":28036,"minecraft:open_barrel":8,"minecraft:open_chest":3,"minecraft:crouch_one_cm":1096,"minecraft:play_time":26425,"tombstone:undead_killed":1,"minecraft:deaths":4,"minecraft:sneak_time":288,"minecraft:jump":140,"minecraft:eat_cake_slice":11,"minecraft:time_since_death":120,"minecraft:leave_game":15,"minecraft:walk_on_water_one_cm":5886,"minecraft:sleep_in_bed":1,"minecraft:total_world_time":26425,"minecraft:climb_one_cm":1043,"minecraft:fall_one_cm":627},"minecraft:mined":{"minecraft:large_fern":4,"minecraft:hay_block":9,"minecraft:purple_bed":2,"minecraft:sweet_berry_bush":32,"minecraft:pumpkin_stem":1,"minecraft:grass":1,"minecraft:spruce_leaves":13,"minecraft:fern":1},"minecraft:killed":{"minecraft:skeleton":1},"minecraft:used":{"evilcraft:flesh_humanoid":1,"minecraft:purple_bed":1,"minecraft:sweet_berries":17,"tombstone:gift":2,"alexsmobs:animal_dictionary":1,"minecraft:cake":3},"minecraft:dropped":{"minecraft:spruce_sapling":1},"minecraft:picked_up":{"minecraft:cooked_porkchop":1,"minecraft:sweet_berries":46,"minecraft:mushroom_stew":1,"evilcraft:flesh_humanoid":1,"minecraft:spruce_sapling":1,"minecraft:pumpkin_seeds":2,"minecraft:purple_bed":2,"minecraft:rotten_flesh":2,"minecraft:hay_block":9},"minecraft:killed_by":{"minecraft:husk":3,"undead_revamp2:the_moonflower":1}},"DataVersion":3465}