{"stats":{"minecraft:used":{"minecraft:sweet_berries":11,"tombstone:gift":2,"alexsmobs:animal_dictionary":1},"minecraft:custom":{"minecraft:open_chest":2,"minecraft:time_since_rest":5952,"minecraft:crouch_one_cm":1071,"minecraft:play_time":13637,"minecraft:sprint_one_cm":4440,"minecraft:deaths":1,"minecraft:damage_taken":360,"minecraft:walk_one_cm":9031,"minecraft:sneak_time":227,"minecraft:jump":37,"minecraft:damage_dealt":12,"minecraft:leave_game":8,"minecraft:time_since_death":7782,"minecraft:total_world_time":13637,"minecraft:fall_one_cm":418,"minecraft:fly_one_cm":7780},"minecraft:mined":{"minecraft:large_fern":2,"minecraft:grass":1,"minecraft:purple_bed":1,"minecraft:sweet_berry_bush":10},"minecraft:picked_up":{"minecraft:purple_bed":1,"minecraft:sweet_berries":13},"minecraft:killed_by":{"undead_revamp2:the_moonflower":1}},"DataVersion":3465}