{"stats":{"minecraft:custom":{"minecraft:open_chest":2,"minecraft:time_since_rest":6824,"minecraft:crouch_one_cm":1071,"minecraft:play_time":14509,"minecraft:sprint_one_cm":6819,"minecraft:damage_taken":384,"minecraft:deaths":1,"minecraft:walk_one_cm":11203,"minecraft:sneak_time":227,"minecraft:jump":41,"minecraft:damage_dealt":12,"minecraft:leave_game":8,"minecraft:time_since_death":8654,"minecraft:total_world_time":14509,"minecraft:fall_one_cm":418,"minecraft:fly_one_cm":8231},"minecraft:mined":{"minecraft:large_fern":2,"minecraft:grass":1,"minecraft:purple_bed":1,"minecraft:sweet_berry_bush":17},"minecraft:used":{"minecraft:sweet_berries":13,"tombstone:gift":2,"alexsmobs:animal_dictionary":1},"minecraft:picked_up":{"minecraft:purple_bed":1,"minecraft:sweet_berries":30},"minecraft:killed_by":{"undead_revamp2:the_moonflower":1}},"DataVersion":3465}