{"stats":{"minecraft:custom":{"minecraft:interact_with_furnace":4,"minecraft:mob_kills":63,"minecraft:interact_with_crafting_table":8,"minecraft:open_barrel":18,"minecraft:interact_with_loom":1,"minecraft:damage_dealt_resisted":1568,"minecraft:eat_cake_slice":11,"minecraft:leave_game":17,"minecraft:time_since_death":9836,"minecraft:sleep_in_bed":2,"minecraft:climb_one_cm":4766,"minecraft:time_since_rest":8905,"minecraft:sprint_one_cm":160644,"minecraft:walk_one_cm":204067,"minecraft:damage_taken":5178,"minecraft:drop":26,"minecraft:damage_dealt":4954,"minecraft:swim_one_cm":955,"minecraft:fly_one_cm":92269,"minecraft:open_chest":13,"minecraft:crouch_one_cm":7029,"minecraft:deaths":13,"minecraft:play_time":82061,"tombstone:undead_killed":32,"minecraft:sneak_time":3406,"minecraft:walk_under_water_one_cm":259,"minecraft:jump":690,"minecraft:interact_with_blast_furnace":2,"minecraft:walk_on_water_one_cm":7496,"minecraft:total_world_time":82061,"minecraft:fall_one_cm":16532},"minecraft:mined":{"minecraft:waxed_cut_copper_stairs":3,"minecraft:waxed_cut_copper":7,"minecraft:waxed_cut_copper_slab":1,"iceandfire:silver_ore":2,"minecraft:spruce_trapdoor":1,"minecraft:grass_block":1,"minecraft:calcite":16,"minecraft:melon":3,"minecraft:coal_block":5,"minecraft:spruce_leaves":13,"minecraft:mud_bricks":17,"minecraft:sugar_cane":4,"minecraft:diorite":2,"minecraft:wall_torch":1,"minecraft:spawner":6,"minecraft:large_fern":4,"minecraft:hay_block":53,"minecraft:purple_bed":2,"minecraft:packed_mud":7,"minecraft:iron_ore":13,"minecraft:sweet_berry_bush":32,"minecraft:jukebox":1,"minecraft:pumpkin_stem":1,"minecraft:grass":2,"minecraft:coal_ore":2,"minecraft:oak_log":1,"minecraft:tripwire_hook":1,"minecraft:stone":1,"minecraft:stripped_mangrove_wood":1,"minecraft:fern":1},"minecraft:killed":{"born_in_chaos_v1:skeleton_demoman":1,"born_in_chaos_v1:skeleton_thrasher_not_despawn":1,"born_in_chaos_v1:maggot":4,"minecraft:skeleton":14,"minecraft:zombie":16,"born_in_chaos_v1:dread_hound":1},"minecraft:used":{"minecraft:calcite":12,"minecraft:leather_chestplate":1,"minecraft:chainmail_helmet":1,"minecraft:iron_sword":77,"minecraft:diamond_axe":4,"minecraft:torch":13,"minecraft:cake":3,"minecraft:diamond_pickaxe":36,"minecraft:packed_mud":5,"minecraft:waxed_cut_copper":4,"minecraft:bread":17,"minecraft:iron_pickaxe":64,"tombstone:grave_key":3,"minecraft:mud_bricks":8,"evilcraft:flesh_humanoid":1,"minecraft:golden_leggings":1,"minecraft:diamond_sword":56,"minecraft:glowstone":1,"minecraft:cobblestone":1,"minecraft:hay_block":1,"minecraft:sweet_berries":17,"minecraft:purple_bed":2,"minecraft:cooked_porkchop":1,"tombstone:gift":5,"minecraft:pumpkin_pie":10,"alexsmobs:animal_dictionary":1},"minecraft:dropped":{"minecraft:iron_ingot":7,"minecraft:iron_sword":1,"minecraft:oak_log":1,"minecraft:dark_oak_sign":12,"minecraft:beetroot":4,"minecraft:item_frame":1,"minecraft:packed_mud":2,"minecraft:diamond_sword":2,"minecraft:leather_chestplate":1,"minecraft:gunpowder":2,"minecraft:diamond_chestplate":1,"minecraft:spruce_trapdoor":1,"born_in_chaos_v1:corpse_maggot":1,"minecraft:golden_leggings":1,"minecraft:cooked_salmon":1,"minecraft:diamond_helmet":1,"minecraft:potion":2,"minecraft:diamond_boots":1,"minecraft:glistering_melon_slice":10,"minecraft:iron_pickaxe":2,"minecraft:tripwire_hook":1,"minecraft:spruce_sapling":1},"minecraft:picked_up":{"born_in_chaos_v1:corpse_maggot":1,"minecraft:mud_bricks":17,"minecraft:tripwire_hook":1,"minecraft:packed_mud":7,"minecraft:potion":2,"minecraft:enchanted_book":1,"paraglider:spirit_orb":6,"minecraft:mushroom_stew":1,"minecraft:oak_log":2,"evilcraft:flesh_humanoid":1,"minecraft:shield":1,"minecraft:gunpowder":2,"minecraft:waxed_cut_copper_slab":2,"tombstone:gift":1,"minecraft:cooked_salmon":1,"minecraft:item_frame":1,"minecraft:iron_leggings":1,"minecraft:bone":19,"minecraft:beetroot":1,"minecraft:bow":1,"minecraft:wheat_seeds":1,"minecraft:dark_oak_sign":12,"minecraft:calcite":16,"minecraft:iron_pickaxe":1,"minecraft:coal_block":5,"minecraft:melon_slice":16,"minecraft:sugar_cane":7,"minecraft:iron_sword":1,"minecraft:spruce_trapdoor":2,"minecraft:raw_iron":13,"born_in_chaos_v1:shattered_skull":1,"minecraft:cooked_porkchop":1,"minecraft:jukebox":1,"minecraft:sweet_berries":46,"minecraft:torch":1,"minecraft:spruce_sapling":1,"tombstone:grave_dust":1,"minecraft:diorite":2,"born_in_chaos_v1:pieceofdarkmetal":1,"minecraft:waxed_cut_copper_stairs":3,"minecraft:pumpkin_seeds":2,"minecraft:arrow":21,"minecraft:purple_bed":2,"minecraft:rotten_flesh":6,"minecraft:slime_block":2,"minecraft:hay_block":53,"minecraft:diamond_axe":1,"minecraft:golden_apple":1,"minecraft:glowstone":1,"tombstone:magic_scroll":1,"minecraft:waxed_cut_copper":4,"minecraft:coal":2,"iceandfire:raw_silver":2,"minecraft:cobblestone":1},"minecraft:crafted":{"minecraft:oak_planks":4,"minecraft:coal":45,"minecraft:diamond_sword":3,"minecraft:iron_sword":1,"minecraft:gold_block":8,"minecraft:diamond":54,"minecraft:diamond_helmet":2,"minecraft:diamond_pickaxe":1,"minecraft:diamond_leggings":1,"minecraft:stick":14,"minecraft:diamond_boots":2,"minecraft:torch":12,"minecraft:diamond_chestplate":2},"minecraft:killed_by":{"minecraft:husk":5,"undead_revamp2:the_moonflower":1,"minecraft:skeleton":2,"minecraft:zombie":3,"undead_revamp2:clogger":1}},"DataVersion":3465}