{"stats":{"minecraft:dropped":{"minecraft:bread":1,"minecraft:iron_ingot":7,"minecraft:iron_sword":1,"minecraft:oak_log":1,"minecraft:item_frame":1,"minecraft:packed_mud":2,"minecraft:cooked_salmon":1,"minecraft:diamond_helmet":1,"minecraft:potion":2,"minecraft:glistering_melon_slice":10,"minecraft:iron_pickaxe":2,"minecraft:string":1,"minecraft:tripwire_hook":1,"minecraft:spruce_sapling":1,"minecraft:gold_ingot":10,"minecraft:dark_oak_sign":12,"minecraft:raw_iron":351,"minecraft:beetroot":4,"minecraft:black_terracotta":2,"minecraft:diamond_sword":2,"minecraft:leather_chestplate":1,"minecraft:gunpowder":2,"minecraft:diamond_chestplate":1,"minecraft:spruce_trapdoor":1,"born_in_chaos_v1:corpse_maggot":1,"minecraft:golden_leggings":1,"minecraft:diamond_boots":1},"minecraft:mined":{"minecraft:dark_oak_planks":1,"minecraft:waxed_cut_copper_slab":1,"minecraft:dark_prismarine_stairs":1,"iceandfire:silver_ore":2,"minecraft:black_terracotta":71,"minecraft:spruce_trapdoor":1,"minecraft:grass_block":2,"minecraft:coal_block":29,"minecraft:mud_bricks":94,"minecraft:spruce_leaves":13,"minecraft:mud_brick_wall":1,"minecraft:moss_block":1,"minecraft:spawner":7,"minecraft:large_fern":4,"minecraft:hay_block":53,"minecraft:redstone_ore":1,"minecraft:waxed_oxidized_cut_copper":1,"minecraft:packed_mud":17,"minecraft:iron_ore":13,"minecraft:gold_block":1,"minecraft:peony":3,"minecraft:dark_oak_stairs":1,"minecraft:red_tulip":1,"minecraft:azalea":1,"minecraft:stripped_mangrove_wood":1,"minecraft:stone":1,"minecraft:waxed_cut_copper":10,"minecraft:waxed_cut_copper_stairs":3,"minecraft:soul_sand":2,"minecraft:calcite":16,"minecraft:melon":3,"minecraft:rose_bush":2,"minecraft:deepslate_coal_ore":18,"minecraft:sugar_cane":4,"minecraft:diorite":2,"minecraft:wall_torch":1,"minecraft:chain":1,"minecraft:purple_bed":2,"iceandfire:crackled_stone":1,"minecraft:tinted_glass":3,"minecraft:sweet_berry_bush":32,"minecraft:lilac":1,"minecraft:jukebox":1,"minecraft:pumpkin_stem":1,"minecraft:dark_prismarine_slab":1,"minecraft:grass":2,"minecraft:oak_log":7,"minecraft:coal_ore":3,"minecraft:smooth_quartz":38,"minecraft:cobweb":2,"minecraft:tripwire_hook":1,"minecraft:stripped_acacia_wood":1,"minecraft:small_dripleaf":1,"minecraft:gold_ore":1,"minecraft:waxed_exposed_cut_copper":1,"minecraft:fern":1},"minecraft:killed":{"born_in_chaos_v1:skeleton_demoman":1,"undead_revamp2:thesmoker":1,"born_in_chaos_v1:skeleton_thrasher_not_despawn":1,"born_in_chaos_v1:siamese_skeletonsright":1,"born_in_chaos_v1:maggot":7,"minecraft:skeleton":20,"undead_revamp2:the_moonflower":1,"alexsmobs:crimson_mosquito":1,"minecraft:zombie":18,"born_in_chaos_v1:dread_hound":1,"born_in_chaos_v1:siamese_skeletonsleft":1},"minecraft:used":{"minecraft:waxed_exposed_cut_copper":1,"undead_revamp2:blacpetalblock":1,"minecraft:shield":2,"minecraft:iron_sword":77,"minecraft:torch":15,"born_in_chaos_v1:smoked_flesh":3,"minecraft:waxed_cut_copper":4,"minecraft:iron_axe":7,"minecraft:packed_mud":7,"minecraft:mud_bricks":72,"evilcraft:flesh_humanoid":1,"minecraft:glowstone":1,"minecraft:golden_carrot":1,"minecraft:waxed_cut_copper_slab":2,"minecraft:hay_block":1,"minecraft:sweet_berries":17,"minecraft:oak_sapling":1,"tombstone:gift":5,"minecraft:calcite":12,"undead_revamp2:wincallerfan":1,"minecraft:waxed_oxidized_cut_copper":1,"minecraft:leather_chestplate":1,"iceandfire:crackled_stone":1,"minecraft:chainmail_helmet":1,"minecraft:diamond_axe":4,"minecraft:cake":3,"minecraft:black_terracotta":67,"minecraft:diamond_pickaxe":295,"minecraft:bread":35,"minecraft:iron_pickaxe":64,"tombstone:grave_key":3,"minecraft:golden_leggings":1,"minecraft:diamond_sword":163,"minecraft:cobblestone":1,"minecraft:purple_bed":2,"minecraft:cooked_porkchop":1,"minecraft:pumpkin_pie":10,"alexsmobs:animal_dictionary":1,"minecraft:cobweb":2},"minecraft:killed_by":{"minecraft:husk":5,"undead_revamp2:the_moonflower":1,"undead_revamp2:clogger":1,"undead_revamp2:thehorrors":1,"minecraft:skeleton":8,"minecraft:zombie":3},"minecraft:custom":{"minecraft:inspect_dropper":2,"minecraft:mob_kills":79,"minecraft:interact_with_crafting_table":13,"minecraft:open_barrel":20,"minecraft:damage_dealt_resisted":1568,"minecraft:eat_cake_slice":11,"minecraft:leave_game":21,"minecraft:time_since_death":22712,"minecraft:climb_one_cm":8321,"minecraft:sprint_one_cm":278410,"minecraft:walk_one_cm":384110,"minecraft:damage_blocked_by_shield":440,"minecraft:drop":36,"minecraft:damage_dealt_absorbed":40,"minecraft:play_time":148540,"minecraft:deaths":21,"minecraft:sneak_time":8514,"minecraft:walk_under_water_one_cm":259,"minecraft:interact_with_lectern":1,"minecraft:jump":1344,"minecraft:interact_with_blast_furnace":2,"minecraft:walk_on_water_one_cm":7496,"minecraft:total_world_time":148540,"minecraft:interact_with_furnace":4,"minecraft:tune_noteblock":2,"minecraft:interact_with_loom":1,"minecraft:sleep_in_bed":2,"minecraft:time_since_rest":22127,"minecraft:damage_taken":8628,"minecraft:damage_dealt":8557,"minecraft:swim_one_cm":955,"minecraft:fly_one_cm":188513,"minecraft:player_kills":1,"minecraft:open_chest":75,"minecraft:crouch_one_cm":23662,"tombstone:undead_killed":44,"minecraft:interact_with_smoker":8,"minecraft:fall_one_cm":36291},"minecraft:picked_up":{"minecraft:waxed_oxidized_cut_copper":1,"minecraft:gold_block":1,"minecraft:enchanted_book":1,"minecraft:potion":2,"minecraft:shield":1,"minecraft:string":3,"minecraft:waxed_cut_copper_slab":2,"minecraft:cooked_salmon":1,"minecraft:iron_leggings":1,"minecraft:item_frame":1,"minecraft:beetroot":1,"minecraft:waxed_exposed_cut_copper":1,"minecraft:calcite":16,"minecraft:smooth_quartz":38,"minecraft:iron_pickaxe":1,"minecraft:melon_slice":16,"minecraft:sugar_cane":7,"minecraft:coal_block":29,"minecraft:spruce_trapdoor":2,"minecraft:raw_iron":13,"born_in_chaos_v1:shattered_skull":1,"minecraft:jukebox":1,"minecraft:torch":1,"tombstone:grave_dust":3,"minecraft:diorite":2,"born_in_chaos_v1:pieceofdarkmetal":1,"minecraft:redstone":5,"minecraft:waxed_cut_copper_stairs":3,"minecraft:arrow":51,"minecraft:rotten_flesh":8,"minecraft:hay_block":53,"minecraft:gold_ingot":10,"minecraft:glowstone":1,"minecraft:waxed_cut_copper":4,"minecraft:cobblestone":1,"born_in_chaos_v1:fused_bone":2,"born_in_chaos_v1:corpse_maggot":1,"minecraft:mud_bricks":72,"minecraft:tripwire_hook":1,"minecraft:leather":15,"paraglider:spirit_orb":8,"minecraft:packed_mud":11,"minecraft:mushroom_stew":1,"minecraft:oak_log":8,"evilcraft:flesh_humanoid":1,"minecraft:gunpowder":2,"tombstone:gift":1,"minecraft:bone":38,"undead_revamp2:blacpetalblock":1,"minecraft:bow":1,"minecraft:wheat_seeds":1,"minecraft:dark_oak_sign":12,"minecraft:iron_sword":1,"minecraft:black_terracotta":69,"minecraft:cooked_porkchop":1,"minecraft:sweet_berries":46,"minecraft:spruce_sapling":1,"minecraft:spruce_log":1,"minecraft:pumpkin_seeds":2,"minecraft:purple_bed":2,"minecraft:slime_block":2,"iceandfire:crackled_stone":1,"minecraft:diamond_axe":1,"minecraft:golden_apple":1,"minecraft:bread":3,"tombstone:magic_scroll":1,"minecraft:oak_sapling":1,"minecraft:coal":20,"iceandfire:raw_silver":2},"minecraft:crafted":{"minecraft:oak_planks":28,"minecraft:raw_iron":351,"minecraft:coal":45,"minecraft:diamond":54,"minecraft:diamond_helmet":2,"minecraft:diamond_leggings":1,"minecraft:chest":1,"minecraft:diamond_boots":2,"sophisticatedbackpacks:iron_backpack":1,"minecraft:diamond_sword":3,"sophisticatedbackpacks:backpack":1,"minecraft:iron_sword":1,"sophisticatedbackpacks:gold_backpack":1,"minecraft:gold_block":17,"minecraft:air":0,"minecraft:diamond_pickaxe":1,"sophisticatedbackpacks:diamond_backpack":1,"minecraft:stick":14,"born_in_chaos_v1:smoked_flesh":29,"minecraft:gold_ingot":18,"minecraft:torch":32,"minecraft:diamond_chestplate":2}},"DataVersion":3465}