{"stats":{"minecraft:custom":{"minecraft:interact_with_furnace":4,"minecraft:mob_kills":8,"minecraft:interact_with_crafting_table":2,"minecraft:open_barrel":15,"minecraft:interact_with_loom":1,"minecraft:damage_dealt_resisted":1532,"minecraft:eat_cake_slice":11,"minecraft:leave_game":16,"minecraft:time_since_death":9372,"minecraft:sleep_in_bed":2,"minecraft:climb_one_cm":3168,"minecraft:time_since_rest":6544,"minecraft:sprint_one_cm":121714,"minecraft:damage_taken":3486,"minecraft:walk_one_cm":134911,"minecraft:drop":9,"minecraft:damage_dealt":2241,"minecraft:swim_one_cm":955,"minecraft:fly_one_cm":88708,"minecraft:open_chest":9,"minecraft:crouch_one_cm":2943,"minecraft:deaths":8,"minecraft:play_time":58263,"tombstone:undead_killed":7,"minecraft:sneak_time":871,"minecraft:walk_under_water_one_cm":259,"minecraft:jump":601,"minecraft:interact_with_blast_furnace":2,"minecraft:walk_on_water_one_cm":7496,"minecraft:total_world_time":58263,"minecraft:fall_one_cm":15115},"minecraft:mined":{"iceandfire:silver_ore":2,"minecraft:spruce_trapdoor":1,"minecraft:grass_block":1,"minecraft:calcite":16,"minecraft:melon":3,"minecraft:coal_block":5,"minecraft:spruce_leaves":13,"minecraft:sugar_cane":4,"minecraft:diorite":2,"minecraft:wall_torch":1,"minecraft:spawner":3,"minecraft:large_fern":4,"minecraft:hay_block":52,"minecraft:purple_bed":2,"minecraft:iron_ore":13,"minecraft:sweet_berry_bush":32,"minecraft:jukebox":1,"minecraft:pumpkin_stem":1,"minecraft:grass":2,"minecraft:coal_ore":2,"minecraft:tripwire_hook":1,"minecraft:stone":1,"minecraft:stripped_mangrove_wood":1,"minecraft:fern":1},"minecraft:killed":{"born_in_chaos_v1:skeleton_demoman":1,"born_in_chaos_v1:skeleton_thrasher_not_despawn":1,"minecraft:skeleton":3,"minecraft:zombie":2,"born_in_chaos_v1:dread_hound":1},"minecraft:used":{"minecraft:calcite":12,"minecraft:leather_chestplate":1,"minecraft:iron_sword":61,"minecraft:chainmail_helmet":1,"minecraft:torch":6,"minecraft:cake":3,"minecraft:bread":10,"minecraft:iron_pickaxe":62,"evilcraft:flesh_humanoid":1,"minecraft:golden_leggings":1,"minecraft:cobblestone":1,"minecraft:sweet_berries":17,"minecraft:purple_bed":2,"minecraft:cooked_porkchop":1,"alexsmobs:animal_dictionary":1,"tombstone:gift":4,"minecraft:pumpkin_pie":10},"minecraft:dropped":{"minecraft:dark_oak_sign":12,"minecraft:item_frame":1,"minecraft:spruce_trapdoor":1,"minecraft:golden_leggings":1,"minecraft:potion":2,"minecraft:iron_pickaxe":1,"minecraft:tripwire_hook":1,"minecraft:spruce_sapling":1},"minecraft:picked_up":{"minecraft:tripwire_hook":1,"minecraft:potion":2,"paraglider:spirit_orb":4,"minecraft:mushroom_stew":1,"evilcraft:flesh_humanoid":1,"minecraft:gunpowder":2,"minecraft:cooked_salmon":1,"minecraft:iron_leggings":1,"minecraft:item_frame":1,"minecraft:bone":6,"minecraft:beetroot":1,"minecraft:bow":1,"minecraft:wheat_seeds":1,"minecraft:dark_oak_sign":12,"minecraft:calcite":16,"minecraft:iron_pickaxe":1,"minecraft:sugar_cane":7,"minecraft:melon_slice":16,"minecraft:coal_block":5,"minecraft:spruce_trapdoor":2,"minecraft:raw_iron":13,"born_in_chaos_v1:shattered_skull":1,"minecraft:cooked_porkchop":1,"minecraft:jukebox":1,"minecraft:sweet_berries":46,"minecraft:torch":1,"minecraft:spruce_sapling":1,"minecraft:diorite":2,"born_in_chaos_v1:pieceofdarkmetal":1,"minecraft:pumpkin_seeds":2,"minecraft:purple_bed":2,"minecraft:rotten_flesh":3,"minecraft:hay_block":52,"minecraft:coal":2,"iceandfire:raw_silver":2,"minecraft:cobblestone":1},"minecraft:crafted":{"minecraft:coal":45,"minecraft:iron_sword":1,"minecraft:stick":4,"minecraft:torch":12},"minecraft:killed_by":{"minecraft:husk":5,"undead_revamp2:the_moonflower":1,"minecraft:skeleton":1,"undead_revamp2:clogger":1}},"DataVersion":3465}