{"stats":{"minecraft:custom":{"minecraft:time_since_rest":1352,"minecraft:interact_with_furnace":4,"minecraft:sprint_one_cm":65367,"minecraft:damage_taken":2594,"minecraft:walk_one_cm":75552,"minecraft:mob_kills":2,"minecraft:drop":2,"minecraft:damage_dealt":564,"minecraft:interact_with_crafting_table":1,"minecraft:fly_one_cm":35187,"minecraft:open_barrel":12,"minecraft:open_chest":4,"minecraft:crouch_one_cm":1096,"minecraft:play_time":34263,"tombstone:undead_killed":2,"minecraft:deaths":7,"minecraft:sneak_time":317,"minecraft:jump":196,"minecraft:eat_cake_slice":11,"minecraft:interact_with_blast_furnace":2,"minecraft:time_since_death":1690,"minecraft:leave_game":16,"minecraft:walk_on_water_one_cm":5886,"minecraft:sleep_in_bed":1,"minecraft:total_world_time":34263,"minecraft:climb_one_cm":3152,"minecraft:fall_one_cm":627},"minecraft:mined":{"minecraft:large_fern":4,"minecraft:hay_block":9,"minecraft:purple_bed":2,"minecraft:sweet_berry_bush":32,"minecraft:pumpkin_stem":1,"minecraft:grass":1,"minecraft:calcite":3,"minecraft:melon":3,"minecraft:tripwire_hook":1,"minecraft:spruce_leaves":13,"minecraft:stripped_mangrove_wood":1,"minecraft:diorite":2,"minecraft:fern":1,"minecraft:spawner":1},"minecraft:killed":{"minecraft:skeleton":2},"minecraft:used":{"minecraft:calcite":4,"minecraft:bread":4,"minecraft:iron_pickaxe":16,"evilcraft:flesh_humanoid":1,"minecraft:purple_bed":1,"minecraft:sweet_berries":17,"minecraft:cooked_porkchop":1,"tombstone:gift":4,"alexsmobs:animal_dictionary":1,"minecraft:cake":3},"minecraft:dropped":{"minecraft:iron_pickaxe":1,"minecraft:spruce_sapling":1},"minecraft:picked_up":{"minecraft:cooked_porkchop":1,"minecraft:tripwire_hook":1,"minecraft:sweet_berries":46,"paraglider:spirit_orb":2,"minecraft:mushroom_stew":1,"evilcraft:flesh_humanoid":1,"minecraft:spruce_sapling":1,"minecraft:diorite":2,"minecraft:cooked_salmon":1,"minecraft:item_frame":1,"minecraft:pumpkin_seeds":2,"minecraft:purple_bed":2,"minecraft:rotten_flesh":2,"minecraft:beetroot":1,"minecraft:bow":1,"minecraft:hay_block":9,"minecraft:calcite":3,"minecraft:iron_pickaxe":1,"minecraft:melon_slice":16},"minecraft:killed_by":{"minecraft:husk":5,"undead_revamp2:the_moonflower":1,"minecraft:skeleton":1}},"DataVersion":3465}