{"stats":{"minecraft:custom":{"minecraft:mob_kills":16,"minecraft:interact_with_crafting_table":17,"minecraft:open_barrel":12,"minecraft:eat_cake_slice":1,"minecraft:leave_game":1,"minecraft:time_since_death":949,"minecraft:sprint_one_cm":168136,"minecraft:walk_one_cm":234409,"minecraft:drop":9,"minecraft:play_time":92636,"minecraft:deaths":5,"minecraft:sneak_time":9436,"minecraft:walk_under_water_one_cm":380,"minecraft:jump":872,"minecraft:interact_with_blast_furnace":15,"minecraft:walk_on_water_one_cm":23419,"minecraft:total_world_time":92636,"minecraft:interact_with_furnace":2,"minecraft:interact_with_cartography_table":1,"minecraft:sleep_in_bed":2,"minecraft:time_since_rest":581,"minecraft:damage_taken":1850,"minecraft:damage_dealt":2937,"minecraft:swim_one_cm":3954,"minecraft:fly_one_cm":150556,"minecraft:player_kills":1,"minecraft:open_chest":75,"minecraft:crouch_one_cm":24852,"tombstone:undead_killed":10,"minecraft:fall_one_cm":20895},"minecraft:mined":{"minecraft:dark_oak_planks":2,"minecraft:diamond_ore":1,"minecraft:mossy_cobblestone":2,"iceandfire:copper_pile":30,"alexscaves:limestone":6,"minecraft:obsidian":15,"minecraft:budding_amethyst":8,"minecraft:grass_block":63,"minecraft:coal_block":15,"minecraft:spruce_leaves":4,"iceandfire:crackled_cobblestone":148,"minecraft:large_fern":3,"minecraft:redstone_ore":1,"minecraft:iron_ore":3,"minecraft:fire":5,"minecraft:andesite":5,"minecraft:stripped_dark_oak_wood":4,"minecraft:bookshelf":16,"minecraft:dirt_path":1,"minecraft:stone":55,"minecraft:player_head":1,"minecraft:medium_amethyst_bud":1,"minecraft:crafting_table":2,"minecraft:chest":3,"minecraft:rose_bush":1,"minecraft:copper_ore":1,"minecraft:lapis_ore":2,"minecraft:sugar_cane":5,"minecraft:blue_bed":1,"minecraft:black_stained_glass":2,"iceandfire:crackled_stone":176,"minecraft:wheat":15,"minecraft:spruce_log":2,"minecraft:pumpkin_stem":2,"minecraft:grass":4,"minecraft:oak_log":33,"minecraft:coal_ore":2,"minecraft:dirt":11,"minecraft:sand":102,"minecraft:netherrack":2,"minecraft:gold_ore":2,"minecraft:oak_leaves":13},"minecraft:broken":{"minecraft:iron_pickaxe":2},"minecraft:crafted":{"minecraft:oak_planks":24,"minecraft:furnace":3,"minecraft:flint_and_steel":1,"minecraft:diamond_helmet":1,"minecraft:diamond_leggings":1,"minecraft:iron_axe":1,"minecraft:stone_pickaxe":1,"minecraft:diamond_boots":1,"minecraft:dark_oak_planks":16,"minecraft:wheat":23,"minecraft:crafting_table":5,"minecraft:spruce_planks":38,"minecraft:bucket":2,"minecraft:stone_axe":1,"minecraft:bread":13,"minecraft:diamond_pickaxe":1,"minecraft:stick":20,"minecraft:iron_pickaxe":1,"minecraft:stone_sword":1,"minecraft:iron_shovel":1,"minecraft:torch":12},"minecraft:picked_up":{"minecraft:crafting_table":2,"minecraft:wheat":6,"minecraft:azure_bluet":3,"iceandfire:witherbone":1,"born_in_chaos_v1:seedof_chaos":1,"minecraft:diamond_sword":1,"minecraft:chain":2,"iceandfire:manuscript":3,"minecraft:string":2,"minecraft:raw_copper":2,"minecraft:rose_bush":1,"minecraft:player_head":1,"minecraft:iron_pickaxe":1,"minecraft:sugar_cane":10,"minecraft:coal_block":15,"minecraft:chest":3,"minecraft:stick":2,"minecraft:raw_iron":2,"iceandfire:armor_copper_metal_leggings":1,"minecraft:torch":3,"tombstone:grave_dust":2,"minecraft:redstone":5,"minecraft:dark_oak_planks":1,"minecraft:diamond_chestplate":1,"minecraft:arrow":1,"minecraft:rotten_flesh":4,"minecraft:stripped_dark_oak_wood":4,"minecraft:obsidian":15,"minecraft:cobblestone":55,"minecraft:andesite":5,"alexscaves:limestone":2,"minecraft:oak_log":33,"minecraft:lapis_lazuli":13,"minecraft:blue_bed":1,"minecraft:dirt":74,"minecraft:bone":4,"minecraft:wheat_seeds":13,"minecraft:raw_gold":2,"minecraft:cobweb":1,"iceandfire:crackled_cobblestone":122,"minecraft:book":48,"iceandfire:copper_nugget":216,"minecraft:sweet_berries":13,"minecraft:sand":89,"minecraft:spruce_log":2,"minecraft:mossy_cobblestone":2,"minecraft:pumpkin_seeds":21,"minecraft:diamond":1,"iceandfire:crackled_stone":167,"minecraft:oak_sapling":2,"tombstone:magic_scroll":1,"minecraft:melon_seeds":1,"minecraft:netherrack":2,"minecraft:coal":2},"minecraft:killed_by":{"undead_revamp2:the_moonflower":1},"minecraft:used":{"minecraft:beetroot":1,"minecraft:iron_shovel":167,"minecraft:flint_and_steel":1,"minecraft:chest":3,"minecraft:spruce_planks":17,"minecraft:torch":12,"minecraft:dirt":3,"minecraft:obsidian":10,"minecraft:wooden_axe":27,"minecraft:lava_bucket":4,"minecraft:iron_axe":47,"minecraft:sweet_berries":6,"minecraft:furnace":3,"tombstone:gift":1,"minecraft:water_bucket":4,"minecraft:stone_pickaxe":8,"minecraft:oak_planks":2,"minecraft:wooden_pickaxe":8,"iceandfire:crackled_stone":128,"minecraft:blue_bed":1,"minecraft:mossy_cobblestone":1,"minecraft:crafting_table":7,"minecraft:diamond_pickaxe":96,"minecraft:apple":4,"minecraft:bread":9,"minecraft:iron_pickaxe":374,"minecraft:stone_axe":17,"minecraft:diamond_sword":28,"iceandfire:crackled_cobblestone":85,"minecraft:bucket":10},"minecraft:dropped":{"minecraft:torch":1,"minecraft:wooden_axe":1,"minecraft:rose_bush":1,"tombstone:grave_dust":1,"minecraft:player_head":1,"born_in_chaos_v1:seedof_chaos":1,"minecraft:melon_seeds":1,"minecraft:wooden_pickaxe":1,"iceandfire:armor_copper_metal_leggings":1},"minecraft:killed":{"minecraft:spider":3,"born_in_chaos_v1:maggot":2,"minecraft:skeleton":1,"born_in_chaos_v1:barrel_zombie":1,"born_in_chaos_v1:decrepit_skeleton":2,"undead_revamp2:theordure":1,"minecraft:wither_skeleton":5,"minecraft:blaze":1}},"DataVersion":3465}