{"stats":{"minecraft:broken":{"minecraft:diamond_helmet":1,"minecraft:diamond_boots":1,"minecraft:diamond_chestplate":1,"minecraft:diamond_leggings":1,"minecraft:iron_pickaxe":2},"minecraft:dropped":{"minecraft:dark_oak_stairs":4,"minecraft:birch_planks":1,"minecraft:baked_potato":1,"minecraft:glass_bottle":3,"minecraft:diamond":19,"minecraft:cookie":1,"tombstone:tablet_of_assistance":1,"minecraft:item_frame":7,"born_in_chaos_v1:monster_flesh":5,"minecraft:chain":1,"minecraft:dark_oak_planks":1,"minecraft:cyan_carpet":1,"minecraft:gold_ingot":11,"minecraft:wheat":2,"born_in_chaos_v1:smoked_flesh":1,"minecraft:light_gray_carpet":1,"evilcraft:flesh_humanoid":1,"born_in_chaos_v1:seedof_chaos":1,"minecraft:melon_seeds":1,"born_in_chaos_v1:corpse_maggot":2,"minecraft:spruce_slab":3,"minecraft:arrow":8,"iceandfire:armor_copper_metal_leggings":1,"minecraft:scaffolding":4,"minecraft:acacia_fence":2,"minecraft:wheat_seeds":11,"minecraft:book":2,"born_in_chaos_v1:orbofthe_summoner":2,"minecraft:golden_apple":4,"minecraft:crimson_stairs":1,"minecraft:golden_carrot":1,"minecraft:torch":4,"tombstone:grave_key":15,"minecraft:wooden_axe":1,"minecraft:rose_bush":1,"born_in_chaos_v1:fused_bone":4,"tombstone:grave_dust":5,"minecraft:potion":2,"born_in_chaos_v1:staffof_magic_arrows":2,"minecraft:string":8,"minecraft:acacia_planks":2,"minecraft:player_head":4,"minecraft:raw_iron":1,"alexsmobs:ancient_dart":1,"undead_revamp2:bostroxingot":3,"minecraft:blast_furnace":6,"minecraft:diamond_sword":4,"minecraft:mud_bricks":1,"minecraft:waxed_cut_copper":2,"minecraft:spruce_planks":4,"minecraft:diamond_pickaxe":3,"minecraft:brown_carpet":4,"minecraft:wooden_pickaxe":1},"minecraft:picked_up":{"minecraft:wheat":12,"minecraft:redstone_block":1,"minecraft:creeper_head":1,"minecraft:smithing_table":1,"minecraft:diamond_sword":7,"minecraft:potion":1,"tombstone:grave_key":15,"minecraft:brewing_stand":1,"iceandfire:manuscript":3,"minecraft:string":14,"minecraft:dark_oak_trapdoor":8,"minecraft:waxed_cut_copper_slab":14,"minecraft:raw_copper":2,"minecraft:experience_bottle":1,"alexsmobs:blood_sac":1,"minecraft:diamond_leggings":1,"minecraft:spruce_planks":7,"minecraft:rose_bush":1,"minecraft:smooth_quartz":19,"minecraft:iron_pickaxe":1,"minecraft:coal_block":15,"minecraft:furnace":2,"minecraft:dark_oak_door":1,"minecraft:stick":6,"born_in_chaos_v1:shattered_skull":1,"minecraft:acacia_fence":2,"iceandfire:armor_copper_metal_leggings":1,"minecraft:torch":60,"minecraft:acacia_log":7,"tombstone:grave_dust":11,"minecraft:brown_carpet":4,"minecraft:waxed_cut_copper_stairs":1,"minecraft:rotten_flesh":41,"minecraft:iron_block":2,"minecraft:waxed_cut_copper":2,"minecraft:obsidian":16,"minecraft:iron_bars":4,"minecraft:cobblestone":67,"minecraft:birch_log":1,"born_in_chaos_v1:staffof_magic_arrows":2,"minecraft:cooked_beef":1,"minecraft:andesite":5,"minecraft:golden_leggings":1,"paraglider:spirit_orb":20,"minecraft:lapis_lazuli":13,"minecraft:dirt":111,"minecraft:purple_carpet":1,"minecraft:mangrove_fence":2,"minecraft:bone":87,"minecraft:acacia_planks":2,"minecraft:wheat_seeds":25,"minecraft:raw_gold":2,"minecraft:diamond_helmet":1,"minecraft:black_terracotta":13,"minecraft:sand":89,"minecraft:mossy_cobblestone":2,"minecraft:bundle":2,"born_in_chaos_v1:fire_dust":2,"minecraft:diamond":3,"minecraft:soul_lantern":1,"iceandfire:crackled_stone":214,"minecraft:golden_apple":1,"minecraft:emerald":2,"minecraft:bread":2,"minecraft:oak_sapling":2,"minecraft:light_gray_carpet":1,"minecraft:netherrack":3,"minecraft:diamond_pickaxe":3,"undead_revamp2:bostroxingot":3,"minecraft:crafting_table":2,"minecraft:azure_bluet":3,"iceandfire:witherbone":3,"born_in_chaos_v1:seedof_chaos":4,"minecraft:gold_block":11,"minecraft:chain":3,"minecraft:item_frame":8,"minecraft:cyan_carpet":1,"takesapillage:ravager_horn":1,"minecraft:player_head":4,"minecraft:spruce_slab":5,"minecraft:sugar_cane":10,"minecraft:tinted_glass":3,"minecraft:chest":3,"minecraft:raw_iron":3,"minecraft:sandstone":4,"minecraft:redstone":14,"minecraft:dark_oak_planks":14,"minecraft:tnt":2,"minecraft:arrow":36,"minecraft:diamond_chestplate":2,"minecraft:diamond_boots":1,"minecraft:hay_block":66,"minecraft:stripped_dark_oak_wood":4,"minecraft:gold_ingot":10,"born_in_chaos_v1:fused_bone":4,"born_in_chaos_v1:corpse_maggot":3,"minecraft:mud_bricks":43,"minecraft:red_mushroom":2,"minecraft:birch_planks":3,"minecraft:packed_mud":7,"alexscaves:limestone":15,"minecraft:oak_log":40,"minecraft:yellow_bed":1,"minecraft:gunpowder":3,"minecraft:blue_bed":1,"tombstone:gift":1,"minecraft:cooked_mutton":1,"minecraft:apple":1,"minecraft:warped_stem":3,"minecraft:cooked_chicken":1,"minecraft:cobweb":1,"alexscaves:curly_fern":1,"minecraft:glass_bottle":3,"iceandfire:crackled_cobblestone":180,"minecraft:dark_oak_stairs":4,"minecraft:book":70,"minecraft:scaffolding":8,"iceandfire:copper_nugget":230,"minecraft:sweet_berries":13,"born_in_chaos_v1:orbofthe_summoner":2,"minecraft:quartz":4,"minecraft:crimson_stairs":3,"minecraft:mud_brick_wall":5,"minecraft:blast_furnace":12,"minecraft:spruce_log":2,"minecraft:spider_eye":2,"minecraft:pumpkin_seeds":21,"minecraft:diamond_axe":3,"tombstone:magic_scroll":2,"minecraft:baked_potato":1,"minecraft:melon_seeds":1,"minecraft:coal":13},"minecraft:custom":{"minecraft:interact_with_crafting_table":30,"minecraft:open_barrel":50,"minecraft:bell_ring":3,"minecraft:eat_cake_slice":3,"minecraft:leave_game":4,"minecraft:time_since_death":21177,"minecraft:sprint_one_cm":596601,"minecraft:drop":138,"minecraft:play_time":332619,"minecraft:deaths":43,"minecraft:jump":2906,"minecraft:interact_with_brewingstand":1,"minecraft:walk_on_water_one_cm":31780,"minecraft:interact_with_furnace":4,"minecraft:interact_with_cartography_table":2,"minecraft:sleep_in_bed":7,"minecraft:open_enderchest":2,"tombstone:sneak_grave":12,"minecraft:damage_dealt":32026,"minecraft:player_kills":4,"minecraft:crouch_one_cm":60835,"tombstone:undead_killed":92,"minecraft:interact_with_smoker":1,"minecraft:interact_with_smithing_table":2,"minecraft:mob_kills":148,"minecraft:inspect_hopper":1,"minecraft:damage_dealt_resisted":3710,"minecraft:climb_one_cm":2265,"minecraft:walk_one_cm":929037,"minecraft:damage_dealt_absorbed":2,"minecraft:sneak_time":33621,"minecraft:walk_under_water_one_cm":2353,"minecraft:interact_with_blast_furnace":15,"minecraft:total_world_time":332619,"tombstone:raider_killed":2,"minecraft:tune_noteblock":1,"minecraft:interact_with_stonecutter":1,"minecraft:time_since_rest":20795,"minecraft:damage_taken":22621,"minecraft:damage_absorbed":614,"minecraft:swim_one_cm":6328,"minecraft:fly_one_cm":555527,"minecraft:open_chest":180,"minecraft:fall_one_cm":131178},"minecraft:killed":{"undead_revamp2:thewolf":1,"minecraft:cave_spider":1,"minecraft:spider":6,"undead_revamp2:thesmoker":2,"born_in_chaos_v1:siamese_skeletonsright":2,"born_in_chaos_v1:baby_skeleton_minion":3,"minecraft:skeleton":36,"undead_revamp2:thepregnant":1,"born_in_chaos_v1:supreme_bonescaller_stage_2":1,"minecraft:piglin_brute":1,"born_in_chaos_v1:firelight_not_despawn":2,"minecraft:magma_cube":7,"born_in_chaos_v1:bonescaller":1,"minecraft:pig":1,"undead_revamp2:theheavy":1,"undead_revamp2:thebeartamer":1,"minecraft:creeper":3,"alexsmobs:crimson_mosquito":2,"iceandfire:cockatrice":1,"undead_revamp2:theordure":1,"minecraft:zombie":9,"minecraft:stray":2,"born_in_chaos_v1:door_knight":1,"born_in_chaos_v1:siamese_skeletonsleft":2,"minecraft:blaze":1,"alexscaves:vallumraptor":5,"born_in_chaos_v1:maggot":9,"born_in_chaos_v1:barrel_zombie":1,"born_in_chaos_v1:bone_imp_minion":7,"born_in_chaos_v1:baby_skeleton":1,"undead_revamp2:the_moonflower":3,"minecraft:ravager":2,"minecraft:hoglin":1,"born_in_chaos_v1:decrepit_skeleton":4,"undead_revamp2:thesomnolence":2,"born_in_chaos_v1:bonescaller_not_despawn":2,"minecraft:wither_skeleton":10},"minecraft:mined":{"minecraft:dark_oak_planks":23,"minecraft:waxed_cut_copper_slab":14,"minecraft:blue_carpet":2,"minecraft:spruce_planks":1,"minecraft:black_terracotta":5,"iceandfire:copper_pile":31,"minecraft:brewing_stand":1,"minecraft:obsidian":16,"alexscaves:limestone":19,"minecraft:budding_amethyst":10,"minecraft:acacia_log":7,"minecraft:grass_block":70,"minecraft:mangrove_fence":2,"minecraft:cracked_polished_blackstone_bricks":2,"minecraft:coal_block":15,"minecraft:mud_brick_wall":5,"minecraft:mud_bricks":12,"minecraft:spawner":10,"iceandfire:crackled_cobblestone":214,"minecraft:dark_oak_trapdoor":2,"minecraft:iron_ore":4,"minecraft:fire":20,"minecraft:stripped_dark_oak_wood":4,"minecraft:dirt_path":1,"minecraft:small_amethyst_bud":1,"minecraft:iron_bars":4,"minecraft:purple_carpet":1,"minecraft:iron_block":2,"minecraft:player_head":1,"minecraft:spruce_slab":3,"minecraft:waxed_cut_copper":5,"minecraft:waxed_cut_copper_stairs":2,"minecraft:medium_amethyst_bud":1,"minecraft:soul_fire":5,"minecraft:amethyst_cluster":1,"minecraft:torch":1,"minecraft:blast_furnace":6,"minecraft:chest":3,"minecraft:nether_quartz_ore":4,"minecraft:cobblestone":6,"minecraft:sugar_cane":5,"minecraft:wall_torch":1,"minecraft:chain":2,"minecraft:dark_oak_slab":4,"iceandfire:crackled_stone":228,"minecraft:tinted_glass":1,"minecraft:birch_log":1,"minecraft:wheat":16,"minecraft:pumpkin_stem":2,"minecraft:tnt":2,"minecraft:grass":23,"minecraft:oak_log":44,"minecraft:smooth_quartz":20,"minecraft:acacia_fence":2,"minecraft:sand":102,"minecraft:dirt":23,"minecraft:netherrack":3,"minecraft:oak_leaves":16,"minecraft:nether_gold_ore":1,"minecraft:diamond_ore":1,"minecraft:mossy_cobblestone":2,"minecraft:spruce_leaves":4,"minecraft:red_mushroom":1,"minecraft:sandstone":4,"minecraft:large_fern":4,"minecraft:hay_block":66,"minecraft:redstone_ore":6,"minecraft:furnace":2,"minecraft:packed_mud":3,"minecraft:andesite":5,"minecraft:gold_block":12,"minecraft:bookshelf":18,"minecraft:warped_stem":3,"alexscaves:curly_fern":1,"minecraft:stone":64,"minecraft:smithing_table":1,"minecraft:acacia_leaves":1,"minecraft:scaffolding":4,"minecraft:redstone_block":1,"minecraft:glass_pane":4,"minecraft:basalt":2,"minecraft:crafting_table":3,"minecraft:rose_bush":1,"minecraft:lime_carpet":1,"minecraft:tall_grass":5,"minecraft:copper_ore":1,"minecraft:lapis_ore":2,"minecraft:blue_bed":1,"minecraft:black_stained_glass":2,"minecraft:spruce_log":2,"minecraft:yellow_bed":1,"minecraft:dark_prismarine_slab":4,"minecraft:coal_ore":13,"minecraft:cobweb":6,"minecraft:acacia_planks":2,"minecraft:gold_ore":2,"minecraft:iron_trapdoor":1,"minecraft:fern":1},"minecraft:crafted":{"minecraft:oak_planks":52,"minecraft:warped_planks":12,"minecraft:diamond_helmet":1,"minecraft:diamond_leggings":1,"minecraft:chest":2,"minecraft:golden_boots":1,"minecraft:crafting_table":8,"minecraft:spruce_planks":38,"minecraft:birch_planks":4,"minecraft:diamond_pickaxe":1,"minecraft:stick":92,"minecraft:iron_pickaxe":1,"minecraft:stone_sword":1,"minecraft:coal":27,"minecraft:furnace":3,"minecraft:flint_and_steel":2,"minecraft:iron_axe":1,"minecraft:stone_pickaxe":1,"minecraft:diamond_boots":1,"minecraft:dark_oak_planks":16,"minecraft:wheat":104,"minecraft:enchanting_table":1,"minecraft:bucket":3,"minecraft:stone_axe":1,"minecraft:bread":40,"minecraft:iron_shovel":1,"minecraft:acacia_planks":28,"minecraft:torch":160},"minecraft:used":{"minecraft:beetroot":1,"minecraft:iron_shovel":167,"minecraft:spruce_slab":2,"minecraft:chest":5,"minecraft:carrot":17,"minecraft:obsidian":10,"minecraft:lava_bucket":31,"minecraft:packed_mud":5,"minecraft:hay_block":4,"minecraft:sweet_berries":6,"minecraft:furnace":3,"minecraft:stone_pickaxe":31,"minecraft:oak_planks":2,"minecraft:wooden_pickaxe":8,"minecraft:redstone_block":3,"minecraft:blue_bed":1,"minecraft:diamond_axe":142,"minecraft:golden_apple":18,"minecraft:dark_oak_trapdoor":3,"minecraft:black_terracotta":13,"minecraft:bread":57,"minecraft:diamond_sword":731,"minecraft:smithing_table":1,"minecraft:waxed_cut_copper_stairs":1,"minecraft:cobweb":13,"minecraft:experience_bottle":1,"minecraft:enchanting_table":1,"minecraft:flint_and_steel":4,"minecraft:redstone":5,"minecraft:spruce_planks":20,"minecraft:tinted_glass":3,"minecraft:mangrove_fence":2,"minecraft:cooked_chicken":1,"minecraft:torch":262,"minecraft:brewing_stand":1,"minecraft:dirt":15,"minecraft:dark_oak_planks":26,"minecraft:wooden_axe":27,"minecraft:iron_axe":92,"minecraft:smooth_quartz":14,"minecraft:mud_bricks":42,"minecraft:golden_carrot":3,"minecraft:waxed_cut_copper_slab":3,"tombstone:gift":4,"minecraft:acacia_planks":28,"minecraft:cooked_mutton":1,"minecraft:water_bucket":4,"minecraft:birch_planks":2,"minecraft:baked_potato":3,"iceandfire:crackled_stone":174,"minecraft:mossy_cobblestone":1,"minecraft:tnt":2,"minecraft:crafting_table":10,"minecraft:dark_oak_door":1,"minecraft:diamond_pickaxe":389,"minecraft:apple":4,"minecraft:iron_pickaxe":374,"minecraft:stone_axe":17,"iceandfire:crackled_cobblestone":97,"minecraft:cobblestone":5,"minecraft:crimson_stairs":2,"minecraft:bucket":38,"minecraft:yellow_bed":1,"minecraft:purple_carpet":1},"minecraft:killed_by":{"undead_revamp2:the_moonflower":1,"minecraft:wither_skeleton":2,"minecraft:ravager":1,"minecraft:player":2,"born_in_chaos_v1:zombie_lumberjack":1,"alexscaves:vallumraptor":3,"undead_revamp2:thesomnolence":1,"undead_revamp2:thespitter":1,"minecraft:skeleton":19}},"DataVersion":3465}