{"stats":{"minecraft:custom":{"minecraft:time_since_rest":5727,"minecraft:sprint_one_cm":64444,"minecraft:damage_taken":310,"minecraft:walk_one_cm":40365,"minecraft:drop":1,"minecraft:swim_one_cm":3954,"minecraft:interact_with_crafting_table":1,"minecraft:fly_one_cm":43001,"minecraft:open_barrel":9,"minecraft:open_chest":6,"minecraft:crouch_one_cm":208,"minecraft:play_time":17771,"minecraft:deaths":1,"minecraft:sneak_time":114,"minecraft:walk_under_water_one_cm":380,"minecraft:jump":310,"minecraft:eat_cake_slice":1,"minecraft:time_since_death":6284,"minecraft:walk_on_water_one_cm":1714,"minecraft:sleep_in_bed":1,"minecraft:total_world_time":17771,"minecraft:fall_one_cm":8242},"minecraft:mined":{"minecraft:dark_oak_planks":2,"minecraft:black_stained_glass":2,"minecraft:mossy_cobblestone":2,"minecraft:fire":4,"minecraft:crafting_table":1,"minecraft:stripped_dark_oak_wood":4,"minecraft:grass":1,"minecraft:bookshelf":16,"minecraft:grass_block":4,"minecraft:coal_ore":1,"minecraft:rose_bush":1,"minecraft:dirt":1,"minecraft:spruce_leaves":2,"minecraft:stone":9,"minecraft:sugar_cane":5,"minecraft:player_head":1,"minecraft:oak_leaves":2},"minecraft:crafted":{"minecraft:crafting_table":1,"minecraft:spruce_planks":30,"minecraft:stick":12,"minecraft:stone_pickaxe":1,"minecraft:stone_sword":1,"minecraft:stone_axe":1},"minecraft:picked_up":{"minecraft:book":48,"minecraft:crafting_table":1,"minecraft:sweet_berries":5,"minecraft:mossy_cobblestone":2,"minecraft:dirt":5,"minecraft:dark_oak_planks":1,"minecraft:stripped_dark_oak_wood":4,"minecraft:rose_bush":1,"minecraft:player_head":1,"minecraft:sugar_cane":10,"minecraft:coal":1,"minecraft:cobblestone":9},"minecraft:killed_by":{"undead_revamp2:the_moonflower":1},"minecraft:used":{"minecraft:wooden_axe":23,"minecraft:stone_pickaxe":8,"minecraft:spruce_planks":17,"minecraft:wooden_pickaxe":8,"minecraft:mossy_cobblestone":1,"minecraft:dirt":3,"minecraft:sweet_berries":6,"minecraft:crafting_table":1,"tombstone:gift":1},"minecraft:dropped":{"tombstone:grave_dust":1}},"DataVersion":3465}