{"stats":{"minecraft:broken":{"minecraft:iron_pickaxe":2},"minecraft:dropped":{"minecraft:wheat_seeds":11,"minecraft:baked_potato":1,"minecraft:diamond":2,"minecraft:cookie":1,"minecraft:book":2,"born_in_chaos_v1:orbofthe_summoner":2,"tombstone:tablet_of_assistance":1,"minecraft:golden_apple":4,"born_in_chaos_v1:monster_flesh":5,"minecraft:golden_carrot":1,"minecraft:torch":4,"tombstone:grave_key":12,"minecraft:wooden_axe":1,"minecraft:rose_bush":1,"tombstone:grave_dust":3,"minecraft:potion":2,"minecraft:chain":1,"born_in_chaos_v1:staffof_magic_arrows":2,"minecraft:string":8,"minecraft:acacia_planks":2,"minecraft:player_head":1,"minecraft:wheat":2,"minecraft:raw_iron":1,"alexsmobs:ancient_dart":1,"minecraft:blast_furnace":6,"undead_revamp2:bostroxingot":1,"minecraft:diamond_sword":2,"minecraft:mud_bricks":1,"born_in_chaos_v1:seedof_chaos":1,"minecraft:diamond_pickaxe":3,"minecraft:melon_seeds":1,"born_in_chaos_v1:corpse_maggot":2,"minecraft:brown_carpet":4,"minecraft:wooden_pickaxe":1,"iceandfire:armor_copper_metal_leggings":1,"minecraft:scaffolding":4,"minecraft:acacia_fence":2},"minecraft:picked_up":{"undead_revamp2:bostroxingot":2,"minecraft:crafting_table":2,"minecraft:wheat":12,"minecraft:azure_bluet":3,"minecraft:creeper_head":1,"iceandfire:witherbone":3,"born_in_chaos_v1:seedof_chaos":4,"minecraft:diamond_sword":3,"minecraft:smithing_table":1,"minecraft:potion":1,"tombstone:grave_key":12,"minecraft:chain":3,"minecraft:brewing_stand":1,"iceandfire:manuscript":3,"minecraft:string":14,"minecraft:raw_copper":2,"minecraft:item_frame":4,"minecraft:experience_bottle":1,"minecraft:spruce_planks":2,"minecraft:rose_bush":1,"minecraft:player_head":3,"minecraft:tinted_glass":2,"minecraft:iron_pickaxe":1,"minecraft:spruce_slab":3,"minecraft:coal_block":15,"minecraft:chest":3,"minecraft:sugar_cane":10,"minecraft:furnace":2,"minecraft:raw_iron":3,"minecraft:stick":4,"minecraft:sandstone":4,"born_in_chaos_v1:shattered_skull":1,"minecraft:acacia_fence":2,"iceandfire:armor_copper_metal_leggings":1,"minecraft:torch":59,"minecraft:acacia_log":7,"tombstone:grave_dust":8,"minecraft:redstone":14,"minecraft:dark_oak_planks":1,"minecraft:brown_carpet":4,"minecraft:arrow":14,"minecraft:rotten_flesh":31,"minecraft:diamond_chestplate":1,"minecraft:hay_block":66,"minecraft:iron_block":2,"minecraft:stripped_dark_oak_wood":4,"minecraft:gold_ingot":1,"minecraft:obsidian":16,"minecraft:iron_bars":4,"minecraft:cobblestone":67,"minecraft:birch_log":1,"born_in_chaos_v1:corpse_maggot":3,"born_in_chaos_v1:staffof_magic_arrows":2,"minecraft:mud_bricks":2,"minecraft:andesite":5,"minecraft:golden_leggings":1,"minecraft:birch_planks":1,"minecraft:packed_mud":2,"paraglider:spirit_orb":14,"alexscaves:limestone":15,"minecraft:oak_log":40,"minecraft:yellow_bed":1,"minecraft:gunpowder":3,"minecraft:lapis_lazuli":13,"minecraft:dirt":111,"minecraft:blue_bed":1,"tombstone:gift":1,"minecraft:purple_carpet":1,"minecraft:mangrove_fence":2,"minecraft:bone":27,"minecraft:acacia_planks":2,"minecraft:wheat_seeds":25,"minecraft:raw_gold":2,"minecraft:cooked_chicken":1,"minecraft:cobweb":1,"alexscaves:curly_fern":1,"minecraft:glass_bottle":3,"minecraft:dark_oak_stairs":3,"iceandfire:crackled_cobblestone":180,"minecraft:book":61,"minecraft:scaffolding":8,"iceandfire:copper_nugget":230,"minecraft:sweet_berries":13,"born_in_chaos_v1:orbofthe_summoner":2,"minecraft:crimson_stairs":1,"minecraft:sand":89,"minecraft:blast_furnace":12,"minecraft:spruce_log":2,"minecraft:spider_eye":2,"minecraft:mossy_cobblestone":2,"minecraft:bundle":1,"minecraft:pumpkin_seeds":21,"born_in_chaos_v1:fire_dust":2,"minecraft:diamond":3,"iceandfire:crackled_stone":214,"minecraft:diamond_axe":1,"minecraft:bread":2,"minecraft:emerald":2,"minecraft:baked_potato":1,"tombstone:magic_scroll":2,"minecraft:oak_sapling":2,"minecraft:netherrack":2,"minecraft:melon_seeds":1,"minecraft:coal":13,"minecraft:diamond_pickaxe":3},"minecraft:killed":{"undead_revamp2:thewolf":1,"minecraft:cave_spider":1,"minecraft:spider":6,"undead_revamp2:thesmoker":2,"born_in_chaos_v1:baby_skeleton_minion":2,"born_in_chaos_v1:maggot":8,"minecraft:skeleton":12,"undead_revamp2:thepregnant":1,"born_in_chaos_v1:supreme_bonescaller_stage_2":1,"born_in_chaos_v1:firelight_not_despawn":2,"born_in_chaos_v1:barrel_zombie":1,"minecraft:pig":1,"born_in_chaos_v1:bone_imp_minion":7,"born_in_chaos_v1:baby_skeleton":1,"undead_revamp2:the_moonflower":3,"undead_revamp2:thebeartamer":1,"minecraft:ravager":2,"minecraft:creeper":1,"born_in_chaos_v1:decrepit_skeleton":3,"iceandfire:cockatrice":1,"undead_revamp2:theordure":1,"undead_revamp2:thesomnolence":2,"minecraft:zombie":7,"born_in_chaos_v1:bonescaller_not_despawn":2,"minecraft:stray":2,"born_in_chaos_v1:door_knight":1,"minecraft:wither_skeleton":7,"minecraft:blaze":1,"alexscaves:vallumraptor":5},"minecraft:custom":{"minecraft:interact_with_smithing_table":2,"minecraft:mob_kills":94,"minecraft:inspect_hopper":1,"minecraft:interact_with_crafting_table":27,"minecraft:open_barrel":31,"minecraft:damage_dealt_resisted":2541,"minecraft:eat_cake_slice":3,"minecraft:leave_game":4,"minecraft:time_since_death":14363,"minecraft:climb_one_cm":1030,"minecraft:sprint_one_cm":453779,"minecraft:walk_one_cm":684427,"minecraft:drop":82,"minecraft:play_time":248619,"minecraft:deaths":25,"minecraft:sneak_time":25513,"minecraft:walk_under_water_one_cm":2353,"minecraft:jump":2488,"minecraft:interact_with_brewingstand":1,"minecraft:interact_with_blast_furnace":15,"minecraft:walk_on_water_one_cm":31780,"minecraft:total_world_time":248619,"minecraft:interact_with_furnace":4,"tombstone:raider_killed":2,"minecraft:interact_with_cartography_table":2,"minecraft:interact_with_stonecutter":1,"minecraft:sleep_in_bed":7,"minecraft:time_since_rest":13997,"minecraft:damage_taken":11257,"minecraft:damage_absorbed":317,"tombstone:sneak_grave":12,"minecraft:damage_dealt":19549,"minecraft:player_kills":4,"minecraft:fly_one_cm":485140,"minecraft:swim_one_cm":6328,"minecraft:open_chest":156,"minecraft:crouch_one_cm":49092,"tombstone:undead_killed":55,"minecraft:interact_with_smoker":1,"minecraft:fall_one_cm":90065},"minecraft:mined":{"minecraft:dark_oak_planks":2,"minecraft:blue_carpet":2,"minecraft:diamond_ore":1,"minecraft:mossy_cobblestone":2,"iceandfire:copper_pile":31,"minecraft:brewing_stand":1,"alexscaves:limestone":19,"minecraft:obsidian":16,"minecraft:budding_amethyst":10,"minecraft:acacia_log":7,"minecraft:grass_block":70,"minecraft:mangrove_fence":2,"minecraft:coal_block":15,"minecraft:spruce_leaves":4,"minecraft:mud_bricks":1,"minecraft:sandstone":4,"minecraft:spawner":8,"iceandfire:crackled_cobblestone":214,"minecraft:large_fern":4,"minecraft:hay_block":66,"minecraft:redstone_ore":3,"minecraft:packed_mud":1,"minecraft:furnace":2,"minecraft:iron_ore":4,"minecraft:fire":6,"minecraft:andesite":5,"minecraft:stripped_dark_oak_wood":4,"minecraft:bookshelf":16,"minecraft:dirt_path":1,"minecraft:small_amethyst_bud":1,"minecraft:iron_bars":4,"minecraft:purple_carpet":1,"alexscaves:curly_fern":1,"minecraft:stone":64,"minecraft:iron_block":2,"minecraft:player_head":1,"minecraft:spruce_slab":2,"minecraft:smithing_table":1,"minecraft:acacia_leaves":1,"minecraft:scaffolding":4,"minecraft:glass_pane":4,"minecraft:medium_amethyst_bud":1,"minecraft:crafting_table":2,"minecraft:torch":1,"minecraft:blast_furnace":6,"minecraft:chest":3,"minecraft:rose_bush":1,"minecraft:lime_carpet":1,"minecraft:copper_ore":1,"minecraft:tall_grass":5,"minecraft:cobblestone":6,"minecraft:lapis_ore":2,"minecraft:sugar_cane":5,"minecraft:wall_torch":1,"minecraft:blue_bed":1,"minecraft:chain":2,"minecraft:black_stained_glass":2,"iceandfire:crackled_stone":226,"minecraft:birch_log":1,"minecraft:wheat":16,"minecraft:spruce_log":2,"minecraft:pumpkin_stem":2,"minecraft:yellow_bed":1,"minecraft:grass":23,"minecraft:coal_ore":13,"minecraft:oak_log":44,"minecraft:acacia_fence":2,"minecraft:sand":102,"minecraft:dirt":23,"minecraft:cobweb":6,"minecraft:acacia_planks":2,"minecraft:netherrack":2,"minecraft:gold_ore":2,"minecraft:oak_leaves":16,"minecraft:fern":1},"minecraft:crafted":{"minecraft:oak_planks":52,"minecraft:coal":27,"minecraft:furnace":3,"minecraft:flint_and_steel":1,"minecraft:diamond_helmet":1,"minecraft:diamond_leggings":1,"minecraft:iron_axe":1,"minecraft:stone_pickaxe":1,"minecraft:chest":2,"minecraft:diamond_boots":1,"minecraft:dark_oak_planks":16,"minecraft:wheat":68,"minecraft:crafting_table":7,"minecraft:spruce_planks":38,"minecraft:enchanting_table":1,"minecraft:bucket":3,"minecraft:birch_planks":4,"minecraft:stone_axe":1,"minecraft:bread":28,"minecraft:diamond_pickaxe":1,"minecraft:stick":92,"minecraft:iron_pickaxe":1,"minecraft:stone_sword":1,"minecraft:iron_shovel":1,"minecraft:acacia_planks":28,"minecraft:torch":160},"minecraft:used":{"minecraft:beetroot":1,"minecraft:enchanting_table":1,"minecraft:flint_and_steel":1,"minecraft:iron_shovel":167,"minecraft:spruce_slab":2,"minecraft:redstone":5,"minecraft:chest":5,"minecraft:spruce_planks":17,"minecraft:mangrove_fence":2,"minecraft:cooked_chicken":1,"minecraft:torch":220,"minecraft:brewing_stand":1,"minecraft:dirt":15,"minecraft:carrot":17,"minecraft:obsidian":10,"minecraft:wooden_axe":27,"minecraft:lava_bucket":18,"minecraft:iron_axe":92,"minecraft:golden_carrot":1,"minecraft:hay_block":4,"minecraft:sweet_berries":6,"minecraft:furnace":3,"tombstone:gift":3,"minecraft:acacia_planks":28,"minecraft:water_bucket":4,"minecraft:oak_planks":2,"minecraft:baked_potato":3,"minecraft:stone_pickaxe":31,"minecraft:wooden_pickaxe":8,"iceandfire:crackled_stone":174,"minecraft:blue_bed":1,"minecraft:diamond_axe":29,"minecraft:golden_apple":10,"minecraft:mossy_cobblestone":1,"minecraft:crafting_table":9,"minecraft:diamond_pickaxe":283,"minecraft:apple":4,"minecraft:bread":36,"minecraft:iron_pickaxe":374,"minecraft:stone_axe":17,"minecraft:diamond_sword":411,"iceandfire:crackled_cobblestone":97,"minecraft:cobblestone":5,"minecraft:smithing_table":1,"minecraft:bucket":25,"minecraft:yellow_bed":1,"minecraft:purple_carpet":1,"minecraft:experience_bottle":1,"minecraft:cobweb":11},"minecraft:killed_by":{"minecraft:player":2,"undead_revamp2:the_moonflower":1,"alexscaves:vallumraptor":3,"undead_revamp2:thesomnolence":1,"undead_revamp2:thespitter":1,"minecraft:skeleton":8}},"DataVersion":3465}