{"stats":{"minecraft:custom":{"minecraft:mob_kills":70,"minecraft:interact_with_crafting_table":23,"minecraft:open_barrel":29,"minecraft:damage_dealt_resisted":2021,"minecraft:eat_cake_slice":3,"minecraft:leave_game":3,"minecraft:time_since_death":29910,"minecraft:climb_one_cm":118,"minecraft:sprint_one_cm":385239,"minecraft:walk_one_cm":523772,"minecraft:drop":58,"minecraft:play_time":198930,"minecraft:deaths":15,"minecraft:sneak_time":20685,"minecraft:walk_under_water_one_cm":2353,"minecraft:interact_with_brewingstand":1,"minecraft:jump":2056,"minecraft:interact_with_blast_furnace":15,"minecraft:walk_on_water_one_cm":31780,"minecraft:total_world_time":198930,"minecraft:interact_with_furnace":4,"minecraft:interact_with_cartography_table":2,"minecraft:interact_with_stonecutter":1,"minecraft:sleep_in_bed":5,"minecraft:time_since_rest":29422,"minecraft:damage_taken":6854,"minecraft:damage_absorbed":229,"minecraft:damage_dealt":12401,"minecraft:swim_one_cm":6328,"minecraft:fly_one_cm":414894,"minecraft:player_kills":3,"minecraft:open_chest":139,"minecraft:crouch_one_cm":41587,"tombstone:undead_killed":39,"minecraft:fall_one_cm":73926},"minecraft:mined":{"minecraft:dark_oak_planks":2,"minecraft:diamond_ore":1,"minecraft:mossy_cobblestone":2,"iceandfire:copper_pile":31,"minecraft:brewing_stand":1,"alexscaves:limestone":19,"minecraft:obsidian":16,"minecraft:budding_amethyst":10,"minecraft:grass_block":70,"minecraft:mangrove_fence":2,"minecraft:coal_block":15,"minecraft:spruce_leaves":4,"minecraft:sandstone":4,"minecraft:spawner":7,"iceandfire:crackled_cobblestone":214,"minecraft:large_fern":4,"minecraft:hay_block":66,"minecraft:redstone_ore":3,"minecraft:furnace":2,"minecraft:iron_ore":4,"minecraft:fire":5,"minecraft:andesite":5,"minecraft:stripped_dark_oak_wood":4,"minecraft:bookshelf":16,"minecraft:dirt_path":1,"minecraft:small_amethyst_bud":1,"minecraft:iron_bars":4,"alexscaves:curly_fern":1,"minecraft:stone":57,"minecraft:iron_block":2,"minecraft:player_head":1,"minecraft:scaffolding":4,"minecraft:glass_pane":4,"minecraft:medium_amethyst_bud":1,"minecraft:crafting_table":2,"minecraft:blast_furnace":6,"minecraft:chest":3,"minecraft:rose_bush":1,"minecraft:cobblestone":6,"minecraft:tall_grass":5,"minecraft:copper_ore":1,"minecraft:lapis_ore":2,"minecraft:sugar_cane":5,"minecraft:wall_torch":1,"minecraft:blue_bed":1,"minecraft:chain":2,"minecraft:black_stained_glass":2,"iceandfire:crackled_stone":226,"minecraft:birch_log":1,"minecraft:wheat":16,"minecraft:spruce_log":2,"minecraft:pumpkin_stem":2,"minecraft:yellow_bed":1,"minecraft:grass":23,"minecraft:oak_log":39,"minecraft:coal_ore":13,"minecraft:acacia_fence":2,"minecraft:sand":102,"minecraft:dirt":17,"minecraft:cobweb":6,"minecraft:acacia_planks":1,"minecraft:netherrack":2,"minecraft:gold_ore":2,"minecraft:oak_leaves":16,"minecraft:fern":1},"minecraft:broken":{"minecraft:iron_pickaxe":2},"minecraft:crafted":{"minecraft:coal":27,"minecraft:oak_planks":32,"minecraft:furnace":3,"minecraft:flint_and_steel":1,"minecraft:diamond_helmet":1,"minecraft:diamond_leggings":1,"minecraft:iron_axe":1,"minecraft:stone_pickaxe":1,"minecraft:diamond_boots":1,"minecraft:dark_oak_planks":16,"minecraft:wheat":68,"minecraft:crafting_table":7,"minecraft:spruce_planks":38,"minecraft:enchanting_table":1,"minecraft:bucket":3,"minecraft:birch_planks":4,"minecraft:stone_axe":1,"minecraft:bread":28,"minecraft:diamond_pickaxe":1,"minecraft:stick":60,"minecraft:iron_pickaxe":1,"minecraft:stone_sword":1,"minecraft:iron_shovel":1,"minecraft:torch":160},"minecraft:picked_up":{"minecraft:crafting_table":2,"minecraft:wheat":12,"minecraft:azure_bluet":3,"iceandfire:witherbone":3,"born_in_chaos_v1:seedof_chaos":4,"minecraft:diamond_sword":3,"minecraft:potion":1,"tombstone:grave_key":5,"minecraft:chain":3,"minecraft:brewing_stand":1,"iceandfire:manuscript":3,"minecraft:string":11,"minecraft:raw_copper":2,"minecraft:item_frame":1,"minecraft:experience_bottle":1,"minecraft:rose_bush":1,"minecraft:player_head":1,"minecraft:iron_pickaxe":1,"minecraft:coal_block":15,"minecraft:sugar_cane":10,"minecraft:chest":3,"minecraft:furnace":2,"minecraft:stick":4,"minecraft:raw_iron":3,"minecraft:sandstone":4,"born_in_chaos_v1:shattered_skull":1,"minecraft:acacia_fence":2,"iceandfire:armor_copper_metal_leggings":1,"minecraft:torch":55,"tombstone:grave_dust":4,"minecraft:redstone":14,"minecraft:dark_oak_planks":1,"minecraft:brown_carpet":4,"minecraft:arrow":5,"minecraft:diamond_chestplate":1,"minecraft:rotten_flesh":19,"minecraft:hay_block":66,"minecraft:iron_block":2,"minecraft:stripped_dark_oak_wood":4,"minecraft:gold_ingot":1,"minecraft:obsidian":16,"minecraft:iron_bars":4,"minecraft:cobblestone":60,"minecraft:birch_log":1,"born_in_chaos_v1:staffof_magic_arrows":2,"born_in_chaos_v1:corpse_maggot":2,"minecraft:andesite":5,"minecraft:golden_leggings":1,"paraglider:spirit_orb":14,"alexscaves:limestone":15,"minecraft:oak_log":35,"minecraft:yellow_bed":1,"minecraft:lapis_lazuli":13,"minecraft:blue_bed":1,"minecraft:dirt":106,"minecraft:mangrove_fence":2,"minecraft:bone":11,"minecraft:acacia_planks":1,"minecraft:wheat_seeds":25,"minecraft:raw_gold":2,"minecraft:cooked_chicken":1,"minecraft:cobweb":1,"alexscaves:curly_fern":1,"iceandfire:crackled_cobblestone":180,"minecraft:book":61,"minecraft:scaffolding":8,"iceandfire:copper_nugget":230,"minecraft:sweet_berries":13,"born_in_chaos_v1:orbofthe_summoner":2,"minecraft:sand":89,"minecraft:blast_furnace":12,"minecraft:spruce_log":2,"minecraft:spider_eye":2,"minecraft:mossy_cobblestone":2,"minecraft:pumpkin_seeds":21,"minecraft:diamond":1,"iceandfire:crackled_stone":214,"minecraft:bread":2,"minecraft:emerald":2,"tombstone:magic_scroll":2,"minecraft:oak_sapling":2,"minecraft:melon_seeds":1,"minecraft:netherrack":2,"minecraft:coal":13,"minecraft:diamond_pickaxe":3},"minecraft:killed_by":{"minecraft:player":2,"undead_revamp2:the_moonflower":1,"alexscaves:vallumraptor":3,"undead_revamp2:thesomnolence":1},"minecraft:used":{"minecraft:beetroot":1,"minecraft:enchanting_table":1,"minecraft:iron_shovel":167,"minecraft:flint_and_steel":1,"minecraft:redstone":5,"minecraft:chest":3,"minecraft:spruce_planks":17,"minecraft:mangrove_fence":2,"minecraft:cooked_chicken":1,"minecraft:torch":180,"minecraft:brewing_stand":1,"minecraft:dirt":6,"minecraft:carrot":16,"minecraft:obsidian":10,"minecraft:wooden_axe":27,"minecraft:lava_bucket":16,"minecraft:iron_axe":47,"minecraft:golden_carrot":1,"minecraft:hay_block":4,"minecraft:sweet_berries":6,"minecraft:furnace":3,"tombstone:gift":1,"minecraft:water_bucket":4,"minecraft:stone_pickaxe":31,"minecraft:oak_planks":2,"minecraft:wooden_pickaxe":8,"iceandfire:crackled_stone":174,"minecraft:blue_bed":1,"minecraft:diamond_axe":29,"minecraft:golden_apple":7,"minecraft:mossy_cobblestone":1,"minecraft:crafting_table":9,"minecraft:diamond_pickaxe":272,"minecraft:apple":4,"minecraft:bread":28,"minecraft:iron_pickaxe":374,"minecraft:stone_axe":17,"minecraft:diamond_sword":265,"iceandfire:crackled_cobblestone":97,"minecraft:cobblestone":5,"minecraft:bucket":23,"minecraft:yellow_bed":1,"minecraft:cobweb":11,"minecraft:experience_bottle":1},"minecraft:dropped":{"minecraft:wheat_seeds":11,"minecraft:book":2,"born_in_chaos_v1:orbofthe_summoner":2,"tombstone:tablet_of_assistance":1,"minecraft:golden_apple":4,"minecraft:golden_carrot":1,"minecraft:torch":1,"tombstone:grave_key":5,"minecraft:wooden_axe":1,"minecraft:rose_bush":1,"tombstone:grave_dust":2,"minecraft:potion":2,"minecraft:chain":1,"born_in_chaos_v1:staffof_magic_arrows":2,"minecraft:string":5,"minecraft:player_head":1,"minecraft:wheat":2,"minecraft:raw_iron":1,"minecraft:blast_furnace":6,"minecraft:diamond_sword":2,"born_in_chaos_v1:seedof_chaos":1,"minecraft:diamond_pickaxe":3,"born_in_chaos_v1:corpse_maggot":2,"minecraft:melon_seeds":1,"minecraft:brown_carpet":4,"minecraft:wooden_pickaxe":1,"iceandfire:armor_copper_metal_leggings":1,"minecraft:scaffolding":4,"minecraft:acacia_fence":2},"minecraft:killed":{"minecraft:cave_spider":1,"minecraft:spider":6,"undead_revamp2:thesmoker":2,"born_in_chaos_v1:baby_skeleton_minion":2,"born_in_chaos_v1:maggot":8,"minecraft:skeleton":2,"undead_revamp2:thepregnant":1,"born_in_chaos_v1:supreme_bonescaller_stage_2":1,"born_in_chaos_v1:barrel_zombie":1,"minecraft:pig":1,"born_in_chaos_v1:bone_imp_minion":7,"born_in_chaos_v1:baby_skeleton":1,"undead_revamp2:the_moonflower":3,"iceandfire:cockatrice":1,"born_in_chaos_v1:decrepit_skeleton":2,"undead_revamp2:theordure":1,"undead_revamp2:thesomnolence":2,"minecraft:zombie":7,"born_in_chaos_v1:bonescaller_not_despawn":2,"minecraft:stray":2,"minecraft:wither_skeleton":5,"minecraft:blaze":1,"alexscaves:vallumraptor":5}},"DataVersion":3465}