{"stats":{"minecraft:custom":{"minecraft:mob_kills":8,"minecraft:interact_with_cartography_table":1,"minecraft:interact_with_crafting_table":9,"minecraft:open_barrel":12,"minecraft:eat_cake_slice":1,"minecraft:leave_game":1,"minecraft:time_since_death":29302,"minecraft:sleep_in_bed":2,"minecraft:time_since_rest":706,"minecraft:sprint_one_cm":114050,"minecraft:damage_taken":880,"minecraft:walk_one_cm":149607,"minecraft:drop":8,"minecraft:damage_dealt":1730,"minecraft:swim_one_cm":3954,"minecraft:fly_one_cm":95942,"minecraft:open_chest":33,"minecraft:crouch_one_cm":3838,"minecraft:play_time":56636,"tombstone:undead_killed":3,"minecraft:deaths":2,"minecraft:sneak_time":1691,"minecraft:walk_under_water_one_cm":380,"minecraft:jump":607,"minecraft:interact_with_blast_furnace":1,"minecraft:walk_on_water_one_cm":2026,"minecraft:total_world_time":56636,"minecraft:fall_one_cm":17560},"minecraft:mined":{"minecraft:dark_oak_planks":2,"minecraft:diamond_ore":1,"minecraft:mossy_cobblestone":2,"iceandfire:copper_pile":29,"minecraft:crafting_table":2,"minecraft:budding_amethyst":5,"minecraft:grass_block":61,"minecraft:chest":3,"minecraft:rose_bush":1,"minecraft:coal_block":15,"minecraft:copper_ore":1,"minecraft:spruce_leaves":4,"minecraft:lapis_ore":2,"minecraft:sugar_cane":5,"minecraft:blue_bed":1,"iceandfire:crackled_cobblestone":68,"minecraft:large_fern":3,"minecraft:black_stained_glass":2,"minecraft:redstone_ore":1,"iceandfire:crackled_stone":91,"minecraft:wheat":15,"minecraft:fire":4,"minecraft:spruce_log":2,"minecraft:pumpkin_stem":2,"minecraft:stripped_dark_oak_wood":4,"minecraft:grass":4,"minecraft:bookshelf":16,"minecraft:coal_ore":1,"minecraft:oak_log":33,"minecraft:dirt_path":1,"minecraft:sand":102,"minecraft:dirt":5,"minecraft:stone":9,"minecraft:player_head":1,"minecraft:netherrack":2,"minecraft:gold_ore":2,"minecraft:oak_leaves":13},"minecraft:broken":{"minecraft:iron_pickaxe":1},"minecraft:crafted":{"minecraft:crafting_table":4,"minecraft:spruce_planks":38,"minecraft:bucket":2,"minecraft:stone_axe":1,"minecraft:bread":4,"minecraft:iron_axe":1,"minecraft:stick":20,"minecraft:stone_pickaxe":1,"minecraft:iron_pickaxe":1,"minecraft:stone_sword":1,"minecraft:iron_shovel":1,"minecraft:dark_oak_planks":16,"minecraft:torch":12},"minecraft:picked_up":{"minecraft:crafting_table":2,"minecraft:wheat":6,"minecraft:azure_bluet":3,"born_in_chaos_v1:seedof_chaos":1,"minecraft:diamond_sword":1,"minecraft:chain":2,"minecraft:oak_log":32,"iceandfire:manuscript":3,"minecraft:dirt":66,"minecraft:lapis_lazuli":13,"minecraft:string":2,"minecraft:blue_bed":1,"minecraft:raw_copper":2,"minecraft:bone":3,"minecraft:wheat_seeds":13,"minecraft:raw_gold":2,"minecraft:cobweb":1,"minecraft:player_head":1,"minecraft:rose_bush":1,"minecraft:iron_pickaxe":1,"minecraft:coal_block":15,"minecraft:sugar_cane":10,"minecraft:chest":3,"iceandfire:crackled_cobblestone":52,"minecraft:book":48,"minecraft:stick":2,"iceandfire:copper_nugget":214,"minecraft:sweet_berries":13,"minecraft:torch":1,"minecraft:sand":89,"tombstone:grave_dust":2,"minecraft:spruce_log":2,"minecraft:redstone":5,"minecraft:mossy_cobblestone":2,"minecraft:dark_oak_planks":1,"minecraft:pumpkin_seeds":21,"minecraft:rotten_flesh":4,"minecraft:diamond_chestplate":1,"minecraft:diamond":1,"iceandfire:crackled_stone":85,"minecraft:stripped_dark_oak_wood":4,"tombstone:magic_scroll":1,"minecraft:oak_sapling":2,"minecraft:netherrack":2,"minecraft:melon_seeds":1,"minecraft:coal":1,"minecraft:cobblestone":9},"minecraft:killed_by":{"undead_revamp2:the_moonflower":1},"minecraft:used":{"minecraft:beetroot":1,"minecraft:water_bucket":2,"minecraft:iron_shovel":167,"minecraft:stone_pickaxe":8,"minecraft:spruce_planks":17,"minecraft:chest":1,"minecraft:wooden_pickaxe":8,"iceandfire:crackled_stone":24,"minecraft:blue_bed":1,"minecraft:torch":12,"minecraft:mossy_cobblestone":1,"minecraft:dirt":3,"minecraft:crafting_table":6,"minecraft:wooden_axe":27,"minecraft:apple":4,"minecraft:iron_axe":47,"minecraft:bread":3,"minecraft:iron_pickaxe":218,"minecraft:diamond_sword":7,"minecraft:stone_axe":17,"iceandfire:crackled_cobblestone":24,"minecraft:sweet_berries":6,"minecraft:bucket":2,"tombstone:gift":1},"minecraft:dropped":{"minecraft:player_head":1,"born_in_chaos_v1:seedof_chaos":1,"minecraft:torch":1,"minecraft:rose_bush":1,"minecraft:wooden_axe":1,"minecraft:melon_seeds":1,"tombstone:grave_dust":1,"minecraft:wooden_pickaxe":1},"minecraft:killed":{"born_in_chaos_v1:barrel_zombie":1,"minecraft:spider":3,"born_in_chaos_v1:maggot":2,"born_in_chaos_v1:decrepit_skeleton":2}},"DataVersion":3465}