{"stats":{"minecraft:custom":{"minecraft:mob_kills":35,"minecraft:interact_with_crafting_table":18,"minecraft:open_barrel":14,"minecraft:damage_dealt_resisted":1008,"minecraft:eat_cake_slice":3,"minecraft:leave_game":3,"minecraft:time_since_death":3840,"minecraft:climb_one_cm":118,"minecraft:sprint_one_cm":281456,"minecraft:walk_one_cm":360146,"minecraft:drop":16,"minecraft:play_time":138930,"minecraft:deaths":13,"minecraft:sneak_time":11603,"minecraft:walk_under_water_one_cm":2353,"minecraft:jump":1539,"minecraft:interact_with_blast_furnace":15,"minecraft:walk_on_water_one_cm":31780,"minecraft:total_world_time":138930,"minecraft:interact_with_furnace":4,"minecraft:interact_with_cartography_table":2,"minecraft:interact_with_stonecutter":1,"minecraft:sleep_in_bed":4,"minecraft:time_since_rest":905,"minecraft:damage_taken":4739,"minecraft:damage_dealt":6975,"minecraft:swim_one_cm":6328,"minecraft:fly_one_cm":316328,"minecraft:player_kills":2,"minecraft:open_chest":102,"minecraft:crouch_one_cm":31425,"tombstone:undead_killed":18,"minecraft:fall_one_cm":51163},"minecraft:mined":{"minecraft:dark_oak_planks":2,"minecraft:diamond_ore":1,"minecraft:mossy_cobblestone":2,"iceandfire:copper_pile":31,"minecraft:brewing_stand":1,"alexscaves:limestone":19,"minecraft:obsidian":15,"minecraft:budding_amethyst":10,"minecraft:grass_block":67,"minecraft:mangrove_fence":2,"minecraft:coal_block":15,"minecraft:spruce_leaves":4,"minecraft:sandstone":4,"iceandfire:crackled_cobblestone":214,"minecraft:large_fern":3,"minecraft:hay_block":64,"minecraft:redstone_ore":2,"minecraft:furnace":2,"minecraft:iron_ore":4,"minecraft:fire":5,"minecraft:andesite":5,"minecraft:stripped_dark_oak_wood":4,"minecraft:bookshelf":16,"minecraft:dirt_path":1,"minecraft:small_amethyst_bud":1,"minecraft:iron_bars":4,"alexscaves:curly_fern":1,"minecraft:stone":57,"minecraft:player_head":1,"minecraft:scaffolding":4,"minecraft:glass_pane":4,"minecraft:medium_amethyst_bud":1,"minecraft:crafting_table":2,"minecraft:blast_furnace":6,"minecraft:chest":3,"minecraft:rose_bush":1,"minecraft:tall_grass":5,"minecraft:copper_ore":1,"minecraft:lapis_ore":2,"minecraft:sugar_cane":5,"minecraft:blue_bed":1,"minecraft:black_stained_glass":2,"iceandfire:crackled_stone":226,"minecraft:wheat":16,"minecraft:spruce_log":2,"minecraft:pumpkin_stem":2,"minecraft:grass":20,"minecraft:oak_log":39,"minecraft:coal_ore":13,"minecraft:acacia_fence":2,"minecraft:sand":102,"minecraft:dirt":16,"minecraft:acacia_planks":1,"minecraft:netherrack":2,"minecraft:gold_ore":2,"minecraft:oak_leaves":16,"minecraft:fern":1},"minecraft:broken":{"minecraft:iron_pickaxe":2},"minecraft:crafted":{"minecraft:oak_planks":32,"minecraft:furnace":3,"minecraft:flint_and_steel":1,"minecraft:diamond_helmet":1,"minecraft:diamond_leggings":1,"minecraft:iron_axe":1,"minecraft:stone_pickaxe":1,"minecraft:diamond_boots":1,"minecraft:dark_oak_planks":16,"minecraft:wheat":68,"minecraft:crafting_table":7,"minecraft:spruce_planks":38,"minecraft:bucket":2,"minecraft:stone_axe":1,"minecraft:bread":28,"minecraft:diamond_pickaxe":1,"minecraft:stick":20,"minecraft:iron_pickaxe":1,"minecraft:stone_sword":1,"minecraft:iron_shovel":1,"minecraft:torch":12},"minecraft:picked_up":{"minecraft:crafting_table":2,"minecraft:wheat":8,"minecraft:azure_bluet":3,"iceandfire:witherbone":3,"born_in_chaos_v1:seedof_chaos":1,"minecraft:diamond_sword":1,"tombstone:grave_key":4,"minecraft:chain":2,"minecraft:brewing_stand":1,"iceandfire:manuscript":3,"minecraft:string":6,"minecraft:raw_copper":2,"minecraft:item_frame":1,"minecraft:experience_bottle":1,"minecraft:rose_bush":1,"minecraft:player_head":1,"minecraft:iron_pickaxe":1,"minecraft:coal_block":15,"minecraft:sugar_cane":10,"minecraft:chest":3,"minecraft:furnace":2,"minecraft:stick":4,"minecraft:raw_iron":3,"minecraft:sandstone":4,"minecraft:acacia_fence":2,"iceandfire:armor_copper_metal_leggings":1,"minecraft:torch":3,"tombstone:grave_dust":3,"minecraft:redstone":10,"minecraft:dark_oak_planks":1,"minecraft:brown_carpet":4,"minecraft:arrow":2,"minecraft:diamond_chestplate":1,"minecraft:rotten_flesh":14,"minecraft:hay_block":64,"minecraft:stripped_dark_oak_wood":4,"minecraft:gold_ingot":1,"minecraft:obsidian":15,"minecraft:iron_bars":4,"minecraft:cobblestone":55,"minecraft:andesite":5,"minecraft:golden_leggings":1,"alexscaves:limestone":15,"minecraft:oak_log":35,"minecraft:lapis_lazuli":13,"minecraft:blue_bed":1,"minecraft:dirt":89,"minecraft:mangrove_fence":2,"minecraft:bone":4,"minecraft:acacia_planks":1,"minecraft:wheat_seeds":25,"minecraft:raw_gold":2,"minecraft:cooked_chicken":1,"minecraft:cobweb":1,"alexscaves:curly_fern":1,"iceandfire:crackled_cobblestone":180,"minecraft:book":48,"minecraft:scaffolding":4,"iceandfire:copper_nugget":230,"minecraft:sweet_berries":13,"minecraft:sand":89,"minecraft:blast_furnace":6,"minecraft:spruce_log":2,"minecraft:spider_eye":2,"minecraft:mossy_cobblestone":2,"minecraft:pumpkin_seeds":21,"minecraft:diamond":1,"iceandfire:crackled_stone":214,"minecraft:emerald":2,"tombstone:magic_scroll":1,"minecraft:oak_sapling":2,"minecraft:melon_seeds":1,"minecraft:netherrack":2,"minecraft:coal":2,"minecraft:diamond_pickaxe":3},"minecraft:killed_by":{"minecraft:player":1,"undead_revamp2:the_moonflower":1,"alexscaves:vallumraptor":3,"undead_revamp2:thesomnolence":1},"minecraft:used":{"minecraft:beetroot":1,"minecraft:iron_shovel":167,"minecraft:flint_and_steel":1,"minecraft:redstone":5,"minecraft:chest":3,"minecraft:spruce_planks":17,"minecraft:mangrove_fence":2,"minecraft:cooked_chicken":1,"minecraft:torch":12,"minecraft:dirt":6,"minecraft:obsidian":10,"minecraft:wooden_axe":27,"minecraft:lava_bucket":4,"minecraft:iron_axe":47,"minecraft:hay_block":1,"minecraft:sweet_berries":6,"minecraft:furnace":3,"tombstone:gift":1,"minecraft:water_bucket":4,"minecraft:stone_pickaxe":31,"minecraft:oak_planks":2,"minecraft:wooden_pickaxe":8,"iceandfire:crackled_stone":174,"minecraft:blue_bed":1,"minecraft:diamond_axe":29,"minecraft:mossy_cobblestone":1,"minecraft:crafting_table":9,"minecraft:diamond_pickaxe":251,"minecraft:apple":4,"minecraft:bread":19,"minecraft:iron_pickaxe":374,"minecraft:stone_axe":17,"minecraft:diamond_sword":135,"iceandfire:crackled_cobblestone":97,"minecraft:bucket":10,"minecraft:experience_bottle":1},"minecraft:dropped":{"minecraft:torch":1,"tombstone:grave_key":4,"minecraft:wooden_axe":1,"minecraft:rose_bush":1,"tombstone:grave_dust":1,"minecraft:player_head":1,"born_in_chaos_v1:seedof_chaos":1,"minecraft:diamond_pickaxe":3,"minecraft:melon_seeds":1,"minecraft:wooden_pickaxe":1,"iceandfire:armor_copper_metal_leggings":1},"minecraft:killed":{"minecraft:spider":5,"born_in_chaos_v1:maggot":2,"minecraft:skeleton":1,"born_in_chaos_v1:barrel_zombie":1,"minecraft:pig":1,"born_in_chaos_v1:baby_skeleton":1,"undead_revamp2:the_moonflower":1,"iceandfire:cockatrice":1,"born_in_chaos_v1:decrepit_skeleton":2,"undead_revamp2:theordure":1,"undead_revamp2:thesomnolence":2,"minecraft:zombie":6,"minecraft:wither_skeleton":5,"minecraft:blaze":1,"alexscaves:vallumraptor":5}},"DataVersion":3465}