{"stats":{"minecraft:custom":{"minecraft:mob_kills":5,"minecraft:interact_with_crafting_table":3,"minecraft:open_barrel":12,"minecraft:eat_cake_slice":1,"minecraft:time_since_death":2437,"minecraft:sleep_in_bed":1,"minecraft:time_since_rest":2363,"minecraft:sprint_one_cm":70934,"minecraft:damage_taken":810,"minecraft:walk_one_cm":66284,"minecraft:drop":6,"minecraft:damage_dealt":1320,"minecraft:swim_one_cm":3954,"minecraft:fly_one_cm":50460,"minecraft:open_chest":19,"minecraft:crouch_one_cm":1125,"minecraft:play_time":29771,"tombstone:undead_killed":2,"minecraft:deaths":2,"minecraft:sneak_time":519,"minecraft:walk_under_water_one_cm":380,"minecraft:jump":344,"minecraft:walk_on_water_one_cm":1714,"minecraft:total_world_time":29771,"minecraft:fall_one_cm":12719},"minecraft:mined":{"minecraft:dark_oak_planks":2,"minecraft:diamond_ore":1,"minecraft:mossy_cobblestone":2,"minecraft:crafting_table":2,"minecraft:budding_amethyst":1,"minecraft:grass_block":4,"minecraft:chest":1,"minecraft:rose_bush":1,"minecraft:spruce_leaves":2,"minecraft:lapis_ore":1,"minecraft:sugar_cane":5,"iceandfire:crackled_cobblestone":3,"minecraft:black_stained_glass":2,"iceandfire:crackled_stone":3,"minecraft:fire":4,"minecraft:stripped_dark_oak_wood":4,"minecraft:grass":1,"minecraft:bookshelf":16,"minecraft:coal_ore":1,"minecraft:dirt":1,"minecraft:stone":9,"minecraft:player_head":1,"minecraft:oak_leaves":2},"minecraft:crafted":{"minecraft:crafting_table":1,"minecraft:spruce_planks":30,"minecraft:stone_axe":1,"minecraft:stick":12,"minecraft:stone_pickaxe":1,"minecraft:iron_pickaxe":1,"minecraft:stone_sword":1,"minecraft:torch":12},"minecraft:picked_up":{"minecraft:crafting_table":2,"minecraft:diamond_sword":1,"minecraft:lapis_lazuli":5,"minecraft:dirt":5,"minecraft:string":2,"minecraft:bone":3,"minecraft:rose_bush":1,"minecraft:player_head":1,"minecraft:iron_pickaxe":1,"minecraft:sugar_cane":10,"minecraft:chest":1,"iceandfire:crackled_cobblestone":2,"minecraft:book":48,"minecraft:sweet_berries":5,"tombstone:grave_dust":2,"minecraft:mossy_cobblestone":2,"minecraft:dark_oak_planks":1,"minecraft:pumpkin_seeds":18,"minecraft:rotten_flesh":4,"minecraft:diamond_chestplate":1,"minecraft:diamond":1,"minecraft:stripped_dark_oak_wood":4,"tombstone:magic_scroll":1,"minecraft:melon_seeds":1,"minecraft:coal":1,"minecraft:cobblestone":9},"minecraft:killed_by":{"undead_revamp2:the_moonflower":1},"minecraft:used":{"minecraft:beetroot":1,"minecraft:stone_pickaxe":8,"minecraft:spruce_planks":17,"minecraft:wooden_pickaxe":8,"minecraft:torch":12,"minecraft:mossy_cobblestone":1,"minecraft:dirt":3,"minecraft:crafting_table":3,"minecraft:wooden_axe":27,"minecraft:apple":4,"minecraft:iron_pickaxe":10,"minecraft:stone_axe":17,"minecraft:sweet_berries":6,"tombstone:gift":1},"minecraft:dropped":{"minecraft:player_head":1,"minecraft:wooden_axe":1,"minecraft:melon_seeds":1,"minecraft:rose_bush":1,"tombstone:grave_dust":1,"minecraft:wooden_pickaxe":1},"minecraft:killed":{"minecraft:spider":3,"born_in_chaos_v1:decrepit_skeleton":2}},"DataVersion":3465}