{"stats":{"minecraft:mined":{"minecraft:grass_block":2,"minecraft:dirt":1,"minecraft:fire":4,"minecraft:spruce_leaves":2,"minecraft:crafting_table":1},"minecraft:custom":{"minecraft:time_since_rest":5771,"minecraft:open_chest":3,"minecraft:crouch_one_cm":94,"minecraft:play_time":5771,"minecraft:sprint_one_cm":15320,"minecraft:walk_one_cm":7949,"minecraft:sneak_time":12,"minecraft:jump":87,"minecraft:time_since_death":5771,"minecraft:total_world_time":5771,"minecraft:fall_one_cm":1432,"minecraft:fly_one_cm":12042},"minecraft:crafted":{"minecraft:crafting_table":1,"minecraft:spruce_planks":30,"minecraft:stick":12},"minecraft:picked_up":{"minecraft:crafting_table":1,"minecraft:sweet_berries":5,"minecraft:dirt":3},"minecraft:used":{"minecraft:dirt":1,"minecraft:sweet_berries":6}},"DataVersion":3465}