{"stats":{"minecraft:custom":{"minecraft:mob_kills":27,"minecraft:interact_with_crafting_table":18,"minecraft:open_barrel":14,"minecraft:eat_cake_slice":1,"minecraft:leave_game":2,"minecraft:time_since_death":16336,"minecraft:climb_one_cm":118,"minecraft:sprint_one_cm":207334,"minecraft:walk_one_cm":292803,"minecraft:drop":14,"minecraft:play_time":120419,"minecraft:deaths":12,"minecraft:sneak_time":11350,"minecraft:walk_under_water_one_cm":2353,"minecraft:jump":1168,"minecraft:interact_with_blast_furnace":15,"minecraft:walk_on_water_one_cm":31135,"minecraft:total_world_time":120419,"minecraft:interact_with_furnace":4,"minecraft:interact_with_cartography_table":1,"minecraft:sleep_in_bed":3,"minecraft:time_since_rest":15339,"minecraft:damage_taken":4239,"minecraft:damage_dealt":5455,"minecraft:swim_one_cm":6328,"minecraft:fly_one_cm":226135,"minecraft:player_kills":2,"minecraft:open_chest":90,"minecraft:crouch_one_cm":31147,"tombstone:undead_killed":14,"minecraft:fall_one_cm":39616},"minecraft:mined":{"minecraft:dark_oak_planks":2,"minecraft:diamond_ore":1,"minecraft:mossy_cobblestone":2,"iceandfire:copper_pile":31,"alexscaves:limestone":19,"minecraft:obsidian":15,"minecraft:budding_amethyst":10,"minecraft:grass_block":67,"minecraft:mangrove_fence":2,"minecraft:coal_block":15,"minecraft:spruce_leaves":4,"minecraft:sandstone":4,"iceandfire:crackled_cobblestone":214,"minecraft:large_fern":3,"minecraft:hay_block":5,"minecraft:redstone_ore":2,"minecraft:furnace":2,"minecraft:iron_ore":4,"minecraft:fire":5,"minecraft:andesite":5,"minecraft:stripped_dark_oak_wood":4,"minecraft:bookshelf":16,"minecraft:dirt_path":1,"minecraft:small_amethyst_bud":1,"minecraft:iron_bars":4,"alexscaves:curly_fern":1,"minecraft:stone":55,"minecraft:player_head":1,"minecraft:medium_amethyst_bud":1,"minecraft:crafting_table":2,"minecraft:blast_furnace":6,"minecraft:chest":3,"minecraft:rose_bush":1,"minecraft:tall_grass":2,"minecraft:copper_ore":1,"minecraft:lapis_ore":2,"minecraft:sugar_cane":5,"minecraft:blue_bed":1,"minecraft:black_stained_glass":2,"iceandfire:crackled_stone":226,"minecraft:wheat":15,"minecraft:spruce_log":2,"minecraft:pumpkin_stem":2,"minecraft:grass":10,"minecraft:oak_log":39,"minecraft:coal_ore":2,"minecraft:acacia_fence":2,"minecraft:dirt":16,"minecraft:sand":102,"minecraft:acacia_planks":1,"minecraft:netherrack":2,"minecraft:gold_ore":2,"minecraft:oak_leaves":13,"minecraft:fern":1},"minecraft:broken":{"minecraft:iron_pickaxe":2},"minecraft:crafted":{"minecraft:oak_planks":32,"minecraft:furnace":3,"minecraft:flint_and_steel":1,"minecraft:diamond_helmet":1,"minecraft:diamond_leggings":1,"minecraft:iron_axe":1,"minecraft:stone_pickaxe":1,"minecraft:diamond_boots":1,"minecraft:dark_oak_planks":16,"minecraft:wheat":68,"minecraft:crafting_table":7,"minecraft:spruce_planks":38,"minecraft:bucket":2,"minecraft:stone_axe":1,"minecraft:bread":28,"minecraft:diamond_pickaxe":1,"minecraft:stick":20,"minecraft:iron_pickaxe":1,"minecraft:stone_sword":1,"minecraft:iron_shovel":1,"minecraft:torch":12},"minecraft:picked_up":{"minecraft:crafting_table":2,"minecraft:wheat":7,"minecraft:azure_bluet":3,"iceandfire:witherbone":3,"born_in_chaos_v1:seedof_chaos":1,"minecraft:diamond_sword":1,"tombstone:grave_key":3,"minecraft:chain":2,"iceandfire:manuscript":3,"minecraft:string":2,"minecraft:raw_copper":2,"minecraft:rose_bush":1,"minecraft:player_head":1,"minecraft:iron_pickaxe":1,"minecraft:sugar_cane":10,"minecraft:coal_block":15,"minecraft:chest":3,"minecraft:furnace":2,"minecraft:stick":4,"minecraft:raw_iron":3,"minecraft:sandstone":4,"minecraft:acacia_fence":2,"iceandfire:armor_copper_metal_leggings":1,"minecraft:torch":3,"tombstone:grave_dust":3,"minecraft:redstone":10,"minecraft:dark_oak_planks":1,"minecraft:diamond_chestplate":1,"minecraft:arrow":1,"minecraft:rotten_flesh":8,"minecraft:hay_block":5,"minecraft:stripped_dark_oak_wood":4,"minecraft:obsidian":15,"minecraft:iron_bars":4,"minecraft:cobblestone":55,"minecraft:andesite":5,"alexscaves:limestone":15,"minecraft:oak_log":35,"minecraft:lapis_lazuli":13,"minecraft:blue_bed":1,"minecraft:dirt":89,"minecraft:mangrove_fence":2,"minecraft:bone":4,"minecraft:acacia_planks":1,"minecraft:wheat_seeds":19,"minecraft:raw_gold":2,"minecraft:cooked_chicken":1,"minecraft:cobweb":1,"alexscaves:curly_fern":1,"iceandfire:crackled_cobblestone":180,"minecraft:book":48,"iceandfire:copper_nugget":230,"minecraft:sweet_berries":13,"minecraft:sand":89,"minecraft:blast_furnace":6,"minecraft:spruce_log":2,"minecraft:mossy_cobblestone":2,"minecraft:pumpkin_seeds":21,"minecraft:diamond":1,"iceandfire:crackled_stone":214,"minecraft:oak_sapling":2,"tombstone:magic_scroll":1,"minecraft:melon_seeds":1,"minecraft:netherrack":2,"minecraft:coal":2,"minecraft:diamond_pickaxe":2},"minecraft:killed_by":{"minecraft:player":1,"undead_revamp2:the_moonflower":1,"alexscaves:vallumraptor":3},"minecraft:used":{"minecraft:beetroot":1,"minecraft:iron_shovel":167,"minecraft:flint_and_steel":1,"minecraft:chest":3,"minecraft:spruce_planks":17,"minecraft:cooked_chicken":1,"minecraft:torch":12,"minecraft:dirt":4,"minecraft:obsidian":10,"minecraft:wooden_axe":27,"minecraft:lava_bucket":4,"minecraft:iron_axe":47,"minecraft:sweet_berries":6,"minecraft:furnace":3,"tombstone:gift":1,"minecraft:water_bucket":4,"minecraft:stone_pickaxe":31,"minecraft:oak_planks":2,"minecraft:wooden_pickaxe":8,"iceandfire:crackled_stone":174,"minecraft:diamond_axe":20,"minecraft:blue_bed":1,"minecraft:mossy_cobblestone":1,"minecraft:crafting_table":9,"minecraft:diamond_pickaxe":230,"minecraft:apple":4,"minecraft:bread":11,"minecraft:iron_pickaxe":374,"minecraft:stone_axe":17,"minecraft:diamond_sword":67,"iceandfire:crackled_cobblestone":97,"minecraft:bucket":10},"minecraft:dropped":{"minecraft:torch":1,"tombstone:grave_key":3,"minecraft:wooden_axe":1,"minecraft:rose_bush":1,"tombstone:grave_dust":1,"minecraft:player_head":1,"born_in_chaos_v1:seedof_chaos":1,"minecraft:diamond_pickaxe":2,"minecraft:melon_seeds":1,"minecraft:wooden_pickaxe":1,"iceandfire:armor_copper_metal_leggings":1},"minecraft:killed":{"minecraft:spider":3,"born_in_chaos_v1:maggot":2,"minecraft:skeleton":1,"born_in_chaos_v1:barrel_zombie":1,"undead_revamp2:the_moonflower":1,"iceandfire:cockatrice":1,"born_in_chaos_v1:decrepit_skeleton":2,"undead_revamp2:theordure":1,"undead_revamp2:thesomnolence":1,"minecraft:zombie":3,"minecraft:wither_skeleton":5,"alexscaves:vallumraptor":5,"minecraft:blaze":1}},"DataVersion":3465}