{"stats":{"minecraft:custom":{"minecraft:mob_kills":5,"minecraft:interact_with_crafting_table":6,"minecraft:open_barrel":12,"minecraft:eat_cake_slice":1,"minecraft:time_since_death":14437,"minecraft:sleep_in_bed":1,"minecraft:time_since_rest":14363,"minecraft:sprint_one_cm":92487,"minecraft:damage_taken":840,"minecraft:walk_one_cm":97190,"minecraft:drop":6,"minecraft:damage_dealt":1320,"minecraft:swim_one_cm":3954,"minecraft:fly_one_cm":70511,"minecraft:open_chest":26,"minecraft:crouch_one_cm":2444,"minecraft:play_time":41771,"tombstone:undead_killed":2,"minecraft:deaths":2,"minecraft:sneak_time":976,"minecraft:walk_under_water_one_cm":380,"minecraft:jump":466,"minecraft:walk_on_water_one_cm":1714,"minecraft:total_world_time":41771,"minecraft:fall_one_cm":15157},"minecraft:mined":{"minecraft:dark_oak_planks":2,"minecraft:diamond_ore":1,"minecraft:mossy_cobblestone":2,"iceandfire:copper_pile":28,"minecraft:crafting_table":2,"minecraft:budding_amethyst":4,"minecraft:grass_block":61,"minecraft:chest":1,"minecraft:rose_bush":1,"minecraft:spruce_leaves":2,"minecraft:lapis_ore":2,"minecraft:sugar_cane":5,"iceandfire:crackled_cobblestone":40,"minecraft:black_stained_glass":2,"iceandfire:crackled_stone":51,"minecraft:fire":4,"minecraft:spruce_log":2,"minecraft:stripped_dark_oak_wood":4,"minecraft:grass":4,"minecraft:oak_log":23,"minecraft:bookshelf":16,"minecraft:coal_ore":1,"minecraft:dirt_path":1,"minecraft:dirt":5,"minecraft:stone":9,"minecraft:gold_ore":2,"minecraft:player_head":1,"minecraft:oak_leaves":13},"minecraft:crafted":{"minecraft:crafting_table":2,"minecraft:spruce_planks":38,"minecraft:stone_axe":1,"minecraft:iron_axe":1,"minecraft:stick":20,"minecraft:stone_pickaxe":1,"minecraft:iron_pickaxe":1,"minecraft:stone_sword":1,"minecraft:iron_shovel":1,"minecraft:torch":12},"minecraft:picked_up":{"minecraft:crafting_table":2,"minecraft:azure_bluet":3,"minecraft:diamond_sword":1,"minecraft:oak_log":23,"minecraft:lapis_lazuli":13,"minecraft:dirt":66,"minecraft:string":2,"minecraft:bone":3,"minecraft:wheat_seeds":1,"minecraft:raw_gold":2,"minecraft:rose_bush":1,"minecraft:player_head":1,"minecraft:iron_pickaxe":1,"minecraft:sugar_cane":10,"minecraft:chest":1,"iceandfire:crackled_cobblestone":24,"minecraft:book":48,"iceandfire:copper_nugget":208,"minecraft:sweet_berries":5,"minecraft:torch":1,"tombstone:grave_dust":2,"minecraft:spruce_log":2,"minecraft:mossy_cobblestone":2,"minecraft:dark_oak_planks":1,"minecraft:pumpkin_seeds":18,"minecraft:rotten_flesh":4,"minecraft:diamond_chestplate":1,"minecraft:diamond":1,"iceandfire:crackled_stone":48,"minecraft:stripped_dark_oak_wood":4,"minecraft:oak_sapling":2,"tombstone:magic_scroll":1,"minecraft:melon_seeds":1,"minecraft:coal":1,"minecraft:cobblestone":9},"minecraft:killed_by":{"undead_revamp2:the_moonflower":1},"minecraft:used":{"minecraft:beetroot":1,"minecraft:iron_shovel":65,"minecraft:stone_pickaxe":8,"minecraft:chest":1,"minecraft:spruce_planks":17,"minecraft:wooden_pickaxe":8,"iceandfire:crackled_stone":6,"minecraft:torch":12,"minecraft:mossy_cobblestone":1,"minecraft:dirt":3,"minecraft:crafting_table":4,"minecraft:wooden_axe":27,"minecraft:apple":4,"minecraft:iron_axe":35,"minecraft:iron_pickaxe":129,"minecraft:stone_axe":17,"iceandfire:crackled_cobblestone":20,"minecraft:sweet_berries":6,"tombstone:gift":1},"minecraft:dropped":{"minecraft:player_head":1,"minecraft:wooden_axe":1,"minecraft:melon_seeds":1,"minecraft:rose_bush":1,"tombstone:grave_dust":1,"minecraft:wooden_pickaxe":1},"minecraft:killed":{"minecraft:spider":3,"born_in_chaos_v1:decrepit_skeleton":2}},"DataVersion":3465}